placa,data_posicao,velocidade,longitude,latitude,ignicao,Status,DataHora,Status_Radius
TESTE001,Wed Dec 12 2018 00:04:03,0,-51.469891,-25.3649141,False,Stopped,2018-12-12 00:04:03,Outside
TESTE001,Wed Dec 12 2018 00:34:06,0,-51.469909799999996,-25.364917499999997,False,Stopped,2018-12-12 00:34:06,Outside
TESTE001,Wed Dec 12 2018 01:04:09,0,-51.4699588,-25.3649551,False,Stopped,2018-12-12 01:04:09,Outside
TESTE001,Wed Dec 12 2018 01:34:12,0,-51.4698871,-25.3649138,False,Stopped,2018-12-12 01:34:12,Outside
TESTE001,Wed Dec 12 2018 02:04:15,0,-51.4699223,-25.364885,False,Stopped,2018-12-12 02:04:15,Outside
TESTE001,Wed Dec 12 2018 02:34:18,0,-51.469911100000004,-25.364895999999998,False,Stopped,2018-12-12 02:34:18,Outside
TESTE001,Wed Dec 12 2018 03:04:22,0,-51.469953000000004,-25.364846,False,Stopped,2018-12-12 03:04:22,Outside
TESTE001,Wed Dec 12 2018 03:34:26,0,-51.4699506,-25.3649141,False,Stopped,2018-12-12 03:34:26,Outside
TESTE001,Wed Dec 12 2018 04:04:29,0,-51.4698788,-25.364897600000003,False,Stopped,2018-12-12 04:04:29,Outside
TESTE001,Wed Dec 12 2018 04:34:32,0,-51.4699216,-25.3648943,False,Stopped,2018-12-12 04:34:32,Outside
TESTE001,Wed Dec 12 2018 05:04:35,0,-51.469905100000005,-25.3648238,False,Stopped,2018-12-12 05:04:35,Outside
TESTE001,Wed Dec 12 2018 05:34:38,0,-51.4699125,-25.364933800000003,False,Stopped,2018-12-12 05:34:38,Outside
TESTE001,Wed Dec 12 2018 06:04:42,0,-51.469893799999994,-25.3648955,False,Stopped,2018-12-12 06:04:42,Outside
TESTE001,Wed Dec 12 2018 06:34:45,0,-51.4699118,-25.364886,False,Stopped,2018-12-12 06:34:45,Outside
TESTE001,Wed Dec 12 2018 07:04:48,0,-51.4699666,-25.364897,False,Stopped,2018-12-12 07:04:48,Outside
TESTE001,Wed Dec 12 2018 07:34:51,0,-51.4699385,-25.3649003,False,Stopped,2018-12-12 07:34:51,Outside
TESTE001,Wed Dec 12 2018 08:04:54,0,-51.4699273,-25.3649003,False,Stopped,2018-12-12 08:04:54,Outside
TESTE001,Wed Dec 12 2018 08:34:57,0,-51.4699368,-25.364931100000003,False,Stopped,2018-12-12 08:34:57,Outside
TESTE001,Wed Dec 12 2018 09:04:59,0,-51.46991679999999,-25.364919600000004,False,Stopped,2018-12-12 09:04:59,Outside
TESTE001,Wed Dec 12 2018 09:35:02,0,-51.46992,-25.364950600000004,False,Stopped,2018-12-12 09:35:02,Outside
TESTE001,Wed Dec 12 2018 10:05:05,0,-51.4699121,-25.364924600000002,False,Stopped,2018-12-12 10:05:05,Outside
TESTE001,Wed Dec 12 2018 10:35:08,0,-51.469902000000005,-25.3649085,False,Stopped,2018-12-12 10:35:08,Outside
TESTE001,Wed Dec 12 2018 11:05:11,0,-51.469938,-25.364917499999997,False,Stopped,2018-12-12 11:05:11,Outside
TESTE001,Wed Dec 12 2018 11:35:14,0,-51.469912799999996,-25.3648926,False,Stopped,2018-12-12 11:35:14,Outside
TESTE001,Wed Dec 12 2018 12:05:17,0,-51.469891600000004,-25.3649296,False,Stopped,2018-12-12 12:05:17,Outside
TESTE001,Wed Dec 12 2018 12:35:20,0,-51.469953600000004,-25.3649388,False,Stopped,2018-12-12 12:35:20,Outside
TESTE001,Wed Dec 12 2018 13:05:23,0,-51.469922100000005,-25.3648968,False,Stopped,2018-12-12 13:05:23,Outside
TESTE001,Wed Dec 12 2018 13:35:26,0,-51.469967100000005,-25.3649516,False,Stopped,2018-12-12 13:35:26,Outside
TESTE001,Wed Dec 12 2018 14:05:29,0,-51.469955299999995,-25.364873,False,Stopped,2018-12-12 14:05:29,Outside
TESTE001,Wed Dec 12 2018 14:35:32,0,-51.4699805,-25.364864100000002,False,Stopped,2018-12-12 14:35:32,Outside
TESTE001,Wed Dec 12 2018 15:05:35,0,-51.4699333,-25.3649055,False,Stopped,2018-12-12 15:05:35,Outside
TESTE001,Wed Dec 12 2018 15:35:38,0,-51.4699341,-25.3649446,False,Stopped,2018-12-12 15:35:38,Outside
TESTE001,Wed Dec 12 2018 16:05:42,0,-51.469928499999995,-25.3649171,False,Stopped,2018-12-12 16:05:42,Outside
TESTE001,Wed Dec 12 2018 16:35:45,0,-51.4699415,-25.3649151,False,Stopped,2018-12-12 16:35:45,Outside
TESTE001,Wed Dec 12 2018 17:05:49,0,-51.4698828,-25.364902100000002,False,Stopped,2018-12-12 17:05:49,Outside
TESTE001,Wed Dec 12 2018 17:35:52,0,-51.4699023,-25.3649736,False,Stopped,2018-12-12 17:35:52,Outside
TESTE001,Wed Dec 12 2018 18:05:55,0,-51.469930100000006,-25.3648981,False,Stopped,2018-12-12 18:05:55,Outside
TESTE001,Wed Dec 12 2018 18:35:58,0,-51.469911100000004,-25.364889,False,Stopped,2018-12-12 18:35:58,Outside
TESTE001,Wed Dec 12 2018 19:06:01,0,-51.469921299999996,-25.3648716,False,Stopped,2018-12-12 19:06:01,Outside
TESTE001,Wed Dec 12 2018 19:36:04,0,-51.4698893,-25.364863800000002,False,Stopped,2018-12-12 19:36:04,Outside
TESTE001,Wed Dec 12 2018 20:06:07,0,-51.4698735,-25.364901500000002,False,Stopped,2018-12-12 20:06:07,Outside
TESTE001,Wed Dec 12 2018 20:36:10,0,-51.4699235,-25.364922,False,Stopped,2018-12-12 20:36:10,Outside
TESTE001,Wed Dec 12 2018 21:06:13,0,-51.4699446,-25.3649245,False,Stopped,2018-12-12 21:06:13,Outside
TESTE001,Wed Dec 12 2018 21:36:16,0,-51.469927500000004,-25.364921,False,Stopped,2018-12-12 21:36:16,Outside
TESTE001,Wed Dec 12 2018 22:06:19,0,-51.469922499999996,-25.3648861,False,Stopped,2018-12-12 22:06:19,Outside
TESTE001,Wed Dec 12 2018 22:36:21,0,-51.4699201,-25.3648996,False,Stopped,2018-12-12 22:36:21,Outside
TESTE001,Wed Dec 12 2018 23:06:25,0,-51.4698895,-25.3648771,False,Stopped,2018-12-12 23:06:25,Outside
TESTE001,Wed Dec 12 2018 23:36:28,0,-51.469873299999996,-25.3649048,False,Stopped,2018-12-12 23:36:28,Outside
TESTE001,Wed Dec 13 2018 00:06:31,0,-51.4699545,-25.3649083,False,Stopped,2018-12-13 00:06:31,Outside
TESTE001,Wed Dec 13 2018 00:36:34,0,-51.4699038,-25.3648861,False,Stopped,2018-12-13 00:36:34,Outside
TESTE001,Wed Dec 13 2018 01:06:37,0,-51.4699203,-25.3648535,False,Stopped,2018-12-13 01:06:37,Outside
TESTE001,Wed Dec 13 2018 01:36:40,0,-51.469928100000004,-25.3648973,False,Stopped,2018-12-13 01:36:40,Outside
TESTE001,Wed Dec 13 2018 02:06:44,0,-51.469910999999996,-25.3648775,False,Stopped,2018-12-13 02:06:44,Outside
TESTE001,Wed Dec 13 2018 02:36:47,0,-51.469941999999996,-25.3649093,False,Stopped,2018-12-13 02:36:47,Outside
TESTE001,Wed Dec 13 2018 03:06:50,0,-51.4699666,-25.364915600000003,False,Stopped,2018-12-13 03:06:50,Outside
TESTE001,Wed Dec 13 2018 03:36:53,0,-51.4699606,-25.364897600000003,False,Stopped,2018-12-13 03:36:53,Outside
TESTE001,Wed Dec 13 2018 04:06:56,0,-51.4699236,-25.3649788,False,Stopped,2018-12-13 04:06:56,Outside
TESTE001,Wed Dec 13 2018 04:36:59,0,-51.469959100000004,-25.3648965,False,Stopped,2018-12-13 04:36:59,Outside
TESTE001,Wed Dec 13 2018 05:07:01,0,-51.4699126,-25.3648581,False,Stopped,2018-12-13 05:07:01,Outside
TESTE001,Wed Dec 13 2018 05:37:04,0,-51.469910799999994,-25.3649603,False,Stopped,2018-12-13 05:37:04,Outside
TESTE001,Wed Dec 13 2018 06:07:07,0,-51.469879999999996,-25.36492,False,Stopped,2018-12-13 06:07:07,Outside
TESTE001,Wed Dec 13 2018 06:37:10,0,-51.4699468,-25.3649313,False,Stopped,2018-12-13 06:37:10,Outside
TESTE001,Wed Dec 13 2018 07:07:13,0,-51.4699435,-25.3649275,False,Stopped,2018-12-13 07:07:13,Outside
TESTE001,Wed Dec 13 2018 07:37:16,0,-51.4699078,-25.3648921,False,Stopped,2018-12-13 07:37:16,Outside
TESTE001,Wed Dec 13 2018 08:07:19,0,-51.469928,-25.3649106,False,Stopped,2018-12-13 08:07:19,Outside
TESTE001,Wed Dec 13 2018 08:37:21,0,-51.469958,-25.364918600000003,False,Stopped,2018-12-13 08:37:21,Outside
TESTE001,Wed Dec 13 2018 09:07:24,0,-51.469925599999996,-25.364874,False,Stopped,2018-12-13 09:07:24,Outside
TESTE001,Wed Dec 13 2018 09:37:27,0,-51.469967499999996,-25.364860600000004,False,Stopped,2018-12-13 09:37:27,Outside
TESTE001,Wed Dec 13 2018 10:07:30,0,-51.4699991,-25.364945000000002,False,Stopped,2018-12-13 10:07:30,Outside
TESTE001,Wed Dec 13 2018 10:37:33,0,-51.469953100000005,-25.364900600000002,False,Stopped,2018-12-13 10:37:33,Outside
TESTE001,Wed Dec 13 2018 11:07:36,0,-51.4699123,-25.3648865,False,Stopped,2018-12-13 11:07:36,Outside
TESTE001,Wed Dec 13 2018 11:37:39,0,-51.469913500000004,-25.3648901,False,Stopped,2018-12-13 11:37:39,Outside
TESTE001,Wed Dec 13 2018 12:07:43,0,-51.4699678,-25.3649675,False,Stopped,2018-12-13 12:07:43,Outside
TESTE001,Wed Dec 13 2018 12:37:46,0,-51.4699683,-25.364933999999998,False,Stopped,2018-12-13 12:37:46,Outside
TESTE001,Wed Dec 13 2018 13:07:49,0,-51.4699355,-25.364874,False,Stopped,2018-12-13 13:07:49,Outside
TESTE001,Wed Dec 13 2018 13:37:52,0,-51.4699716,-25.3649676,False,Stopped,2018-12-13 13:37:52,Outside
TESTE001,Wed Dec 13 2018 14:07:55,0,-51.469924299999995,-25.3648706,False,Stopped,2018-12-13 14:07:55,Outside
TESTE001,Wed Dec 13 2018 14:37:58,0,-51.4700285,-25.3648628,False,Stopped,2018-12-13 14:37:58,Outside
TESTE001,Wed Dec 13 2018 15:08:02,0,-51.469924,-25.3649066,False,Stopped,2018-12-13 15:08:02,Outside
TESTE001,Wed Dec 13 2018 15:38:05,0,-51.469949799999995,-25.364932999999997,False,Stopped,2018-12-13 15:38:05,Outside
TESTE001,Wed Dec 13 2018 16:08:08,0,-51.469925599999996,-25.3649296,False,Stopped,2018-12-13 16:08:08,Outside
TESTE001,Wed Dec 13 2018 16:38:11,0,-51.4699331,-25.3649261,False,Stopped,2018-12-13 16:38:11,Outside
TESTE001,Wed Dec 13 2018 17:08:14,0,-51.469937,-25.3649083,False,Stopped,2018-12-13 17:08:14,Outside
TESTE001,Wed Dec 13 2018 17:38:17,0,-51.46998129999999,-25.3648966,False,Stopped,2018-12-13 17:38:17,Outside
TESTE001,Wed Dec 13 2018 18:08:20,0,-51.469871600000005,-25.3649361,False,Stopped,2018-12-13 18:08:20,Outside
TESTE001,Wed Dec 13 2018 18:38:23,0,-51.469957799999996,-25.364873100000004,False,Stopped,2018-12-13 18:38:23,Outside
TESTE001,Wed Dec 13 2018 19:08:26,0,-51.4699211,-25.3648646,False,Stopped,2018-12-13 19:08:26,Outside
TESTE001,Wed Dec 13 2018 19:38:29,0,-51.4699006,-25.3648618,False,Stopped,2018-12-13 19:38:29,Outside
TESTE001,Wed Dec 13 2018 20:08:32,0,-51.4699216,-25.364884600000003,False,Stopped,2018-12-13 20:08:32,Outside
TESTE001,Wed Dec 13 2018 20:38:35,0,-51.4699343,-25.364945000000002,False,Stopped,2018-12-13 20:38:35,Outside
TESTE001,Wed Dec 13 2018 21:08:38,0,-51.4699181,-25.364893300000002,False,Stopped,2018-12-13 21:08:38,Outside
TESTE001,Wed Dec 13 2018 21:38:41,0,-51.469930299999994,-25.364880600000003,False,Stopped,2018-12-13 21:38:41,Outside
TESTE001,Wed Dec 13 2018 22:08:44,0,-51.469932299999996,-25.364883600000002,False,Stopped,2018-12-13 22:08:44,Outside
TESTE001,Wed Dec 13 2018 22:38:47,0,-51.4699251,-25.364886300000002,False,Stopped,2018-12-13 22:38:47,Outside
TESTE001,Wed Dec 13 2018 23:08:50,0,-51.4699088,-25.3648528,False,Stopped,2018-12-13 23:08:50,Outside
TESTE001,Wed Dec 13 2018 23:38:53,0,-51.4699313,-25.3649138,False,Stopped,2018-12-13 23:38:53,Outside
TESTE001,Wed Dec 14 2018 00:08:56,0,-51.469933000000005,-25.3648993,False,Stopped,2018-12-14 00:08:56,Outside
TESTE001,Wed Dec 14 2018 00:38:58,0,-51.46986879999999,-25.364864100000002,False,Stopped,2018-12-14 00:38:58,Outside
TESTE001,Wed Dec 14 2018 01:09:00,0,-51.4699373,-25.364934299999998,False,Stopped,2018-12-14 01:09:00,Outside
TESTE001,Wed Dec 14 2018 01:39:03,0,-51.4698966,-25.3648891,False,Stopped,2018-12-14 01:39:03,Outside
TESTE001,Wed Dec 14 2018 02:09:07,0,-51.469928499999995,-25.364932500000002,False,Stopped,2018-12-14 02:09:07,Outside
TESTE001,Wed Dec 14 2018 02:39:10,0,-51.4699075,-25.3649,False,Stopped,2018-12-14 02:39:10,Outside
TESTE001,Wed Dec 14 2018 03:09:13,0,-51.4699276,-25.364921300000002,False,Stopped,2018-12-14 03:09:13,Outside
TESTE001,Wed Dec 14 2018 03:39:16,0,-51.4699506,-25.3649025,False,Stopped,2018-12-14 03:39:16,Outside
TESTE001,Wed Dec 14 2018 04:09:18,0,-51.4699058,-25.3649203,False,Stopped,2018-12-14 04:09:18,Outside
TESTE001,Wed Dec 14 2018 04:39:22,0,-51.469899600000005,-25.364862600000002,False,Stopped,2018-12-14 04:39:22,Outside
TESTE001,Wed Dec 14 2018 05:09:25,0,-51.469876,-25.364880300000003,False,Stopped,2018-12-14 05:09:25,Outside
TESTE001,Wed Dec 14 2018 05:39:28,0,-51.4699198,-25.3649125,False,Stopped,2018-12-14 05:39:28,Outside
TESTE001,Wed Dec 14 2018 06:09:32,0,-51.4699398,-25.364918,False,Stopped,2018-12-14 06:09:32,Outside
TESTE001,Wed Dec 14 2018 06:39:35,0,-51.469995000000004,-25.3648658,False,Stopped,2018-12-14 06:39:35,Outside
TESTE001,Wed Dec 14 2018 07:09:38,0,-51.46994779999999,-25.3648808,False,Stopped,2018-12-14 07:09:38,Outside
TESTE001,Wed Dec 14 2018 07:39:41,0,-51.469888,-25.3648953,False,Stopped,2018-12-14 07:39:41,Outside
TESTE001,Wed Dec 14 2018 08:09:43,0,-51.469953100000005,-25.3649106,False,Stopped,2018-12-14 08:09:43,Outside
TESTE001,Wed Dec 14 2018 08:39:46,0,-51.46991,-25.364888600000004,False,Stopped,2018-12-14 08:39:46,Outside
TESTE001,Wed Dec 14 2018 09:09:49,0,-51.4699768,-25.3648583,False,Stopped,2018-12-14 09:09:49,Outside
TESTE001,Wed Dec 14 2018 09:39:52,0,-51.4699736,-25.3648736,False,Stopped,2018-12-14 09:39:52,Outside
TESTE001,Wed Dec 14 2018 10:09:55,0,-51.4698985,-25.3648908,False,Stopped,2018-12-14 10:09:55,Outside
TESTE001,Wed Dec 14 2018 10:39:58,0,-51.4699571,-25.364911499999998,False,Stopped,2018-12-14 10:39:58,Outside
TESTE001,Wed Dec 14 2018 11:10:01,0,-51.4698888,-25.3648943,False,Stopped,2018-12-14 11:10:01,Outside
TESTE001,Wed Dec 14 2018 11:40:04,0,-51.4699575,-25.3648446,False,Stopped,2018-12-14 11:40:04,Outside
TESTE001,Wed Dec 14 2018 12:10:07,0,-51.46994,-25.364902800000003,False,Stopped,2018-12-14 12:10:07,Outside
TESTE001,Wed Dec 14 2018 12:40:10,0,-51.470017600000006,-25.364928,False,Stopped,2018-12-14 12:40:10,Outside
TESTE001,Wed Dec 14 2018 13:10:13,0,-51.469938799999994,-25.3648618,False,Stopped,2018-12-14 13:10:13,Outside
TESTE001,Wed Dec 14 2018 13:40:16,0,-51.4700676,-25.3648881,False,Stopped,2018-12-14 13:40:16,Outside
TESTE001,Wed Dec 14 2018 14:10:19,0,-51.46992410000001,-25.364867999999998,False,Stopped,2018-12-14 14:10:19,Outside
TESTE001,Wed Dec 14 2018 14:40:22,0,-51.4699741,-25.3649655,False,Stopped,2018-12-14 14:40:22,Outside
TESTE001,Wed Dec 14 2018 14:43:07,0,-51.469969,-25.364895100000002,True,Stopped,2018-12-14 14:43:07,Outside
TESTE001,Wed Dec 14 2018 14:45:06,0,-51.4699006,-25.3649545,True,Stopped,2018-12-14 14:45:06,Outside
TESTE001,Wed Dec 14 2018 14:47:06,0,-51.469916999999995,-25.364975,True,Stopped,2018-12-14 14:47:06,Outside
TESTE001,Wed Dec 14 2018 14:49:06,0,-51.469933600000005,-25.3649688,True,Stopped,2018-12-14 14:49:06,Outside
TESTE001,Wed Dec 14 2018 14:51:06,0,-51.46994229999999,-25.3649633,True,Stopped,2018-12-14 14:51:06,Outside
TESTE001,Wed Dec 14 2018 14:53:06,0,-51.4699488,-25.3649808,True,Stopped,2018-12-14 14:53:06,Outside
TESTE001,Wed Dec 14 2018 14:55:06,0,-51.46995379999999,-25.3649505,True,Stopped,2018-12-14 14:55:06,Outside
TESTE001,Wed Dec 14 2018 14:57:06,0,-51.4699533,-25.3649326,True,Stopped,2018-12-14 14:57:06,Outside
TESTE001,Wed Dec 14 2018 14:59:06,0,-51.4699513,-25.3649436,True,Stopped,2018-12-14 14:59:06,Outside
TESTE001,Wed Dec 14 2018 15:01:06,0,-51.4699645,-25.364965100000003,True,Stopped,2018-12-14 15:01:06,Outside
TESTE001,Wed Dec 14 2018 15:03:06,0,-51.469934,-25.364955600000002,True,Stopped,2018-12-14 15:03:06,Outside
TESTE001,Wed Dec 14 2018 15:05:06,0,-51.469926,-25.3649646,True,Stopped,2018-12-14 15:05:06,Outside
TESTE001,Wed Dec 14 2018 15:07:06,0,-51.4699153,-25.3649593,True,Stopped,2018-12-14 15:07:06,Outside
TESTE001,Wed Dec 14 2018 15:08:25,0,-51.4699311,-25.364960600000003,False,Stopped,2018-12-14 15:08:25,Outside
TESTE001,Wed Dec 14 2018 15:08:25,0,-51.4699311,-25.364960600000003,False,Stopped,2018-12-14 15:08:25,Outside
TESTE001,Wed Dec 14 2018 15:40:28,0,-51.4699666,-25.3649753,False,Stopped,2018-12-14 15:40:28,Outside
TESTE001,Wed Dec 14 2018 16:10:30,0,-51.4699085,-25.3649238,False,Stopped,2018-12-14 16:10:30,Outside
TESTE001,Wed Dec 14 2018 16:40:33,0,-51.4699563,-25.364919,False,Stopped,2018-12-14 16:40:33,Outside
TESTE001,Wed Dec 14 2018 17:10:36,0,-51.4699208,-25.3649073,False,Stopped,2018-12-14 17:10:36,Outside
TESTE001,Wed Dec 14 2018 17:40:39,0,-51.4699141,-25.364906,False,Stopped,2018-12-14 17:40:39,Outside
TESTE001,Wed Dec 14 2018 18:10:42,0,-51.4699125,-25.364866,False,Stopped,2018-12-14 18:10:42,Outside
TESTE001,Wed Dec 14 2018 18:40:45,0,-51.4699175,-25.364884600000003,False,Stopped,2018-12-14 18:40:45,Outside
TESTE001,Wed Dec 14 2018 19:10:48,0,-51.469964000000004,-25.3648981,False,Stopped,2018-12-14 19:10:48,Outside
TESTE001,Wed Dec 14 2018 19:40:52,0,-51.469938299999995,-25.3648968,False,Stopped,2018-12-14 19:40:52,Outside
TESTE001,Wed Dec 14 2018 20:10:55,0,-51.4699185,-25.364897,False,Stopped,2018-12-14 20:10:55,Outside
TESTE001,Wed Dec 14 2018 20:40:58,0,-51.4699011,-25.3649108,False,Stopped,2018-12-14 20:40:58,Outside
TESTE001,Wed Dec 14 2018 21:11:01,0,-51.4699095,-25.3648665,False,Stopped,2018-12-14 21:11:01,Outside
TESTE001,Wed Dec 14 2018 21:41:03,0,-51.469908600000004,-25.364885,False,Stopped,2018-12-14 21:41:03,Outside
TESTE001,Wed Dec 14 2018 22:11:05,0,-51.4699373,-25.3648901,False,Stopped,2018-12-14 22:11:05,Outside
TESTE001,Wed Dec 14 2018 22:41:08,0,-51.4699368,-25.364944,False,Stopped,2018-12-14 22:41:08,Outside
TESTE001,Wed Dec 14 2018 23:11:11,0,-51.4699131,-25.364898,False,Stopped,2018-12-14 23:11:11,Outside
TESTE001,Wed Dec 14 2018 23:41:14,0,-51.4699123,-25.364932999999997,False,Stopped,2018-12-14 23:41:14,Outside
TESTE001,Wed Dec 15 2018 00:11:17,0,-51.469927500000004,-25.364894500000002,False,Stopped,2018-12-15 00:11:17,Outside
TESTE001,Wed Dec 15 2018 00:41:19,0,-51.469922100000005,-25.364915300000003,False,Stopped,2018-12-15 00:41:19,Outside
TESTE001,Wed Dec 15 2018 01:11:21,0,-51.4699078,-25.364899800000003,False,Stopped,2018-12-15 01:11:21,Outside
TESTE001,Wed Dec 15 2018 01:41:25,0,-51.469882299999995,-25.3649035,False,Stopped,2018-12-15 01:41:25,Outside
TESTE001,Wed Dec 15 2018 02:11:28,0,-51.469921,-25.3649348,False,Stopped,2018-12-15 02:11:28,Outside
TESTE001,Wed Dec 15 2018 02:41:31,0,-51.469862299999996,-25.3649355,False,Stopped,2018-12-15 02:41:31,Outside
TESTE001,Wed Dec 15 2018 03:11:34,0,-51.469947600000005,-25.3648905,False,Stopped,2018-12-15 03:11:34,Outside
TESTE001,Wed Dec 15 2018 03:41:37,0,-51.4699245,-25.3649128,False,Stopped,2018-12-15 03:41:37,Outside
TESTE001,Wed Dec 15 2018 04:11:40,0,-51.4699488,-25.3649083,False,Stopped,2018-12-15 04:11:40,Outside
TESTE001,Wed Dec 15 2018 04:41:43,0,-51.4699216,-25.3648816,False,Stopped,2018-12-15 04:41:43,Outside
TESTE001,Wed Dec 15 2018 05:11:46,0,-51.4699156,-25.3648985,False,Stopped,2018-12-15 05:11:46,Outside
TESTE001,Wed Dec 15 2018 05:41:49,0,-51.469908600000004,-25.3649075,False,Stopped,2018-12-15 05:41:49,Outside
TESTE001,Wed Dec 15 2018 06:11:52,0,-51.4699068,-25.364921799999998,False,Stopped,2018-12-15 06:11:52,Outside
TESTE001,Wed Dec 15 2018 06:41:55,0,-51.469913299999995,-25.364954100000002,False,Stopped,2018-12-15 06:41:55,Outside
TESTE001,Wed Dec 15 2018 07:11:58,0,-51.4699466,-25.364848600000002,False,Stopped,2018-12-15 07:11:58,Outside
TESTE001,Wed Dec 15 2018 07:42:01,0,-51.4699045,-25.3648893,False,Stopped,2018-12-15 07:42:01,Outside
TESTE001,Wed Dec 15 2018 08:12:03,0,-51.4699436,-25.364890300000003,False,Stopped,2018-12-15 08:12:03,Outside
TESTE001,Wed Dec 15 2018 08:42:06,0,-51.469926799999996,-25.364951,False,Stopped,2018-12-15 08:42:06,Outside
TESTE001,Wed Dec 15 2018 09:12:09,0,-51.46997879999999,-25.364838600000002,False,Stopped,2018-12-15 09:12:09,Outside
TESTE001,Wed Dec 15 2018 09:42:12,0,-51.469924,-25.3648811,False,Stopped,2018-12-15 09:42:12,Outside
TESTE001,Wed Dec 15 2018 10:12:15,0,-51.469916999999995,-25.364916100000002,False,Stopped,2018-12-15 10:12:15,Outside
TESTE001,Wed Dec 15 2018 10:42:18,0,-51.4699683,-25.364903100000003,False,Stopped,2018-12-15 10:42:18,Outside
TESTE001,Wed Dec 15 2018 11:12:21,0,-51.469905600000004,-25.3649048,False,Stopped,2018-12-15 11:12:21,Outside
TESTE001,Wed Dec 15 2018 11:42:24,0,-51.4699781,-25.3648631,False,Stopped,2018-12-15 11:42:24,Outside
TESTE001,Wed Dec 15 2018 12:12:27,0,-51.4699318,-25.3648923,False,Stopped,2018-12-15 12:12:27,Outside
TESTE001,Wed Dec 15 2018 12:42:31,0,-51.4698981,-25.364901500000002,False,Stopped,2018-12-15 12:42:31,Outside
TESTE001,Wed Dec 15 2018 13:12:34,0,-51.4699003,-25.364821,False,Stopped,2018-12-15 13:12:34,Outside
TESTE001,Wed Dec 15 2018 13:42:37,0,-51.4699771,-25.3649036,False,Stopped,2018-12-15 13:42:37,Outside
TESTE001,Wed Dec 15 2018 14:12:40,0,-51.469946500000006,-25.364872000000002,False,Stopped,2018-12-15 14:12:40,Outside
TESTE001,Wed Dec 15 2018 14:42:43,0,-51.469986999999996,-25.364894600000003,False,Stopped,2018-12-15 14:42:43,Outside
TESTE001,Wed Dec 15 2018 15:12:46,0,-51.4699375,-25.364938600000002,False,Stopped,2018-12-15 15:12:46,Outside
TESTE001,Wed Dec 15 2018 15:42:49,0,-51.4699568,-25.364813,False,Stopped,2018-12-15 15:42:49,Outside
TESTE001,Wed Dec 15 2018 16:12:52,0,-51.46989129999999,-25.364894800000002,False,Stopped,2018-12-15 16:12:52,Outside
TESTE001,Wed Dec 15 2018 16:42:55,0,-51.469922,-25.364890300000003,False,Stopped,2018-12-15 16:42:55,Outside
TESTE001,Wed Dec 15 2018 17:12:58,0,-51.469936100000005,-25.3648885,False,Stopped,2018-12-15 17:12:58,Outside
TESTE001,Wed Dec 15 2018 17:43:01,0,-51.4699158,-25.3649293,False,Stopped,2018-12-15 17:43:01,Outside
TESTE001,Wed Dec 15 2018 18:13:04,0,-51.4699205,-25.364879000000002,False,Stopped,2018-12-15 18:13:04,Outside
TESTE001,Wed Dec 15 2018 18:43:06,0,-51.4699346,-25.3648801,False,Stopped,2018-12-15 18:43:06,Outside
TESTE001,Wed Dec 15 2018 19:13:09,0,-51.469879999999996,-25.364877,False,Stopped,2018-12-15 19:13:09,Outside
TESTE001,Wed Dec 15 2018 19:43:12,0,-51.4699506,-25.3649065,False,Stopped,2018-12-15 19:43:12,Outside
TESTE001,Wed Dec 15 2018 20:13:15,0,-51.4699076,-25.3648578,False,Stopped,2018-12-15 20:13:15,Outside
TESTE001,Wed Dec 15 2018 20:43:18,0,-51.4699598,-25.364932,False,Stopped,2018-12-15 20:43:18,Outside
TESTE001,Wed Dec 15 2018 21:13:21,0,-51.4699346,-25.364915600000003,False,Stopped,2018-12-15 21:13:21,Outside
TESTE001,Wed Dec 15 2018 21:43:24,0,-51.469906099999996,-25.364880600000003,False,Stopped,2018-12-15 21:43:24,Outside
TESTE001,Wed Dec 15 2018 22:13:28,0,-51.469916600000005,-25.3649096,False,Stopped,2018-12-15 22:13:28,Outside
TESTE001,Wed Dec 15 2018 22:43:31,0,-51.4699185,-25.3648978,False,Stopped,2018-12-15 22:43:31,Outside
TESTE001,Wed Dec 15 2018 23:13:34,0,-51.4699151,-25.3649193,False,Stopped,2018-12-15 23:13:34,Outside
TESTE001,Wed Dec 15 2018 23:43:37,0,-51.4698755,-25.3648601,False,Stopped,2018-12-15 23:43:37,Outside
TESTE001,Wed Dec 16 2018 00:13:40,0,-51.4699206,-25.364887300000003,False,Stopped,2018-12-16 00:13:40,Outside
TESTE001,Wed Dec 16 2018 00:43:43,0,-51.469905,-25.364909100000002,False,Stopped,2018-12-16 00:43:43,Outside
TESTE001,Wed Dec 16 2018 01:13:46,0,-51.4699118,-25.364876000000002,False,Stopped,2018-12-16 01:13:46,Outside
TESTE001,Wed Dec 16 2018 01:43:49,0,-51.4698788,-25.3648756,False,Stopped,2018-12-16 01:43:49,Outside
TESTE001,Wed Dec 16 2018 02:13:52,0,-51.4698986,-25.364899800000003,False,Stopped,2018-12-16 02:13:52,Outside
TESTE001,Wed Dec 16 2018 02:43:55,0,-51.4699766,-25.3648603,False,Stopped,2018-12-16 02:43:55,Outside
TESTE001,Wed Dec 16 2018 03:13:58,0,-51.4699233,-25.3649248,False,Stopped,2018-12-16 03:13:58,Outside
TESTE001,Wed Dec 16 2018 03:44:00,0,-51.4699571,-25.364938600000002,False,Stopped,2018-12-16 03:44:00,Outside
TESTE001,Wed Dec 16 2018 04:14:02,0,-51.4699351,-25.3649,False,Stopped,2018-12-16 04:14:02,Outside
TESTE001,Wed Dec 16 2018 04:44:05,0,-51.4699146,-25.3648815,False,Stopped,2018-12-16 04:44:05,Outside
TESTE001,Wed Dec 16 2018 05:14:08,0,-51.4699348,-25.364938100000003,False,Stopped,2018-12-16 05:14:08,Outside
TESTE001,Wed Dec 16 2018 05:44:11,0,-51.46989310000001,-25.364883300000002,False,Stopped,2018-12-16 05:44:11,Outside
TESTE001,Wed Dec 16 2018 06:14:14,0,-51.4699223,-25.364929500000002,False,Stopped,2018-12-16 06:14:14,Outside
TESTE001,Wed Dec 16 2018 06:44:17,0,-51.4699381,-25.364948100000003,False,Stopped,2018-12-16 06:44:17,Outside
TESTE001,Wed Dec 16 2018 07:14:20,0,-51.469931,-25.3649108,False,Stopped,2018-12-16 07:14:20,Outside
TESTE001,Wed Dec 16 2018 07:44:23,0,-51.46992879999999,-25.3648698,False,Stopped,2018-12-16 07:44:23,Outside
TESTE001,Wed Dec 16 2018 08:14:26,0,-51.4699386,-25.364890600000003,False,Stopped,2018-12-16 08:14:26,Outside
TESTE001,Wed Dec 16 2018 08:44:29,0,-51.4699436,-25.3649165,False,Stopped,2018-12-16 08:44:29,Outside
TESTE001,Wed Dec 16 2018 09:14:32,0,-51.4699326,-25.364883,False,Stopped,2018-12-16 09:14:32,Outside
TESTE001,Wed Dec 16 2018 09:44:35,0,-51.469932,-25.3648881,False,Stopped,2018-12-16 09:44:35,Outside
TESTE001,Wed Dec 16 2018 10:14:38,0,-51.4699075,-25.3649695,False,Stopped,2018-12-16 10:14:38,Outside
TESTE001,Wed Dec 16 2018 10:44:40,0,-51.469908000000004,-25.364921300000002,False,Stopped,2018-12-16 10:44:40,Outside
TESTE001,Wed Dec 16 2018 11:14:43,0,-51.469959499999995,-25.364891,False,Stopped,2018-12-16 11:14:43,Outside
TESTE001,Wed Dec 16 2018 11:44:47,0,-51.4699606,-25.3648895,False,Stopped,2018-12-16 11:44:47,Outside
TESTE001,Wed Dec 16 2018 12:14:50,0,-51.469899,-25.3649125,False,Stopped,2018-12-16 12:14:50,Outside
TESTE001,Wed Dec 16 2018 12:44:53,0,-51.469894000000004,-25.3649056,False,Stopped,2018-12-16 12:44:53,Outside
TESTE001,Wed Dec 16 2018 13:14:56,0,-51.4699513,-25.3648403,False,Stopped,2018-12-16 13:14:56,Outside
TESTE001,Wed Dec 16 2018 13:44:59,0,-51.4700025,-25.3649438,False,Stopped,2018-12-16 13:44:59,Outside
TESTE001,Wed Dec 16 2018 14:15:02,0,-51.4699766,-25.364905800000003,False,Stopped,2018-12-16 14:15:02,Outside
TESTE001,Wed Dec 16 2018 14:45:04,0,-51.469964000000004,-25.364955300000002,False,Stopped,2018-12-16 14:45:04,Outside
TESTE001,Wed Dec 16 2018 15:15:07,0,-51.469947499999996,-25.3649568,False,Stopped,2018-12-16 15:15:07,Outside
TESTE001,Wed Dec 16 2018 15:45:10,0,-51.4699291,-25.364860600000004,False,Stopped,2018-12-16 15:45:10,Outside
TESTE001,Wed Dec 16 2018 16:15:13,0,-51.469885999999995,-25.3648891,False,Stopped,2018-12-16 16:15:13,Outside
TESTE001,Wed Dec 16 2018 16:45:16,0,-51.4699146,-25.3648788,False,Stopped,2018-12-16 16:45:16,Outside
TESTE001,Wed Dec 16 2018 17:15:19,0,-51.469933600000005,-25.3649128,False,Stopped,2018-12-16 17:15:19,Outside
TESTE001,Wed Dec 16 2018 17:45:22,0,-51.469926,-25.3648955,False,Stopped,2018-12-16 17:45:22,Outside
TESTE001,Wed Dec 16 2018 18:15:25,0,-51.469895,-25.3648921,False,Stopped,2018-12-16 18:15:25,Outside
TESTE001,Wed Dec 16 2018 18:45:28,0,-51.469889,-25.364869100000003,False,Stopped,2018-12-16 18:45:28,Outside
TESTE001,Wed Dec 16 2018 19:15:31,0,-51.46988579999999,-25.3648745,False,Stopped,2018-12-16 19:15:31,Outside
TESTE001,Wed Dec 16 2018 19:45:34,0,-51.469879299999995,-25.3648978,False,Stopped,2018-12-16 19:45:34,Outside
TESTE001,Wed Dec 16 2018 20:15:37,0,-51.4698841,-25.364916100000002,False,Stopped,2018-12-16 20:15:37,Outside
TESTE001,Wed Dec 16 2018 20:45:40,0,-51.4699263,-25.364926800000003,False,Stopped,2018-12-16 20:45:40,Outside
TESTE001,Wed Dec 16 2018 21:15:43,0,-51.46990529999999,-25.364894500000002,False,Stopped,2018-12-16 21:15:43,Outside
TESTE001,Wed Dec 16 2018 21:45:47,0,-51.469924,-25.3649281,False,Stopped,2018-12-16 21:45:47,Outside
TESTE001,Wed Dec 16 2018 22:15:50,0,-51.4699486,-25.3648825,False,Stopped,2018-12-16 22:15:50,Outside
TESTE001,Wed Dec 16 2018 22:45:53,0,-51.4699186,-25.3648816,False,Stopped,2018-12-16 22:45:53,Outside
TESTE001,Wed Dec 16 2018 23:15:56,0,-51.469896999999996,-25.3648896,False,Stopped,2018-12-16 23:15:56,Outside
TESTE001,Wed Dec 16 2018 23:45:59,0,-51.469942100000004,-25.364915600000003,False,Stopped,2018-12-16 23:45:59,Outside
TESTE001,Wed Dec 17 2018 00:16:02,0,-51.469856799999995,-25.3648865,False,Stopped,2018-12-17 00:16:02,Outside
TESTE001,Wed Dec 17 2018 00:46:05,0,-51.4699655,-25.364927800000004,False,Stopped,2018-12-17 00:46:05,Outside
TESTE001,Wed Dec 17 2018 01:16:09,0,-51.4698985,-25.3649065,False,Stopped,2018-12-17 01:16:09,Outside
TESTE001,Wed Dec 17 2018 01:46:12,0,-51.469918299999996,-25.364906100000002,False,Stopped,2018-12-17 01:46:12,Outside
TESTE001,Wed Dec 17 2018 02:16:15,0,-51.4699435,-25.3649056,False,Stopped,2018-12-17 02:16:15,Outside
TESTE001,Wed Dec 17 2018 02:46:18,0,-51.469991,-25.3648921,False,Stopped,2018-12-17 02:46:18,Outside
TESTE001,Wed Dec 17 2018 03:16:21,0,-51.469972600000006,-25.3649055,False,Stopped,2018-12-17 03:16:21,Outside
TESTE001,Wed Dec 17 2018 03:46:24,0,-51.469930100000006,-25.3649335,False,Stopped,2018-12-17 03:46:24,Outside
TESTE001,Wed Dec 17 2018 04:16:27,0,-51.4699451,-25.364910000000002,False,Stopped,2018-12-17 04:16:27,Outside
TESTE001,Wed Dec 17 2018 04:46:30,0,-51.469929,-25.3648953,False,Stopped,2018-12-17 04:46:30,Outside
TESTE001,Wed Dec 17 2018 05:16:33,0,-51.469911100000004,-25.3649306,False,Stopped,2018-12-17 05:16:33,Outside
TESTE001,Wed Dec 17 2018 05:46:36,0,-51.4698893,-25.3649585,False,Stopped,2018-12-17 05:46:36,Outside
TESTE001,Wed Dec 17 2018 06:16:39,0,-51.4699165,-25.364895,False,Stopped,2018-12-17 06:16:39,Outside
TESTE001,Wed Dec 17 2018 06:46:42,0,-51.4699405,-25.3649046,False,Stopped,2018-12-17 06:46:42,Outside
TESTE001,Wed Dec 17 2018 07:16:45,0,-51.4699548,-25.364893,False,Stopped,2018-12-17 07:16:45,Outside
TESTE001,Wed Dec 17 2018 07:46:48,0,-51.4699315,-25.3649026,False,Stopped,2018-12-17 07:46:48,Outside
TESTE001,Wed Dec 17 2018 08:16:51,0,-51.4699446,-25.3649323,False,Stopped,2018-12-17 08:16:51,Outside
TESTE001,Wed Dec 17 2018 08:46:54,0,-51.469903,-25.3649036,False,Stopped,2018-12-17 08:46:54,Outside
TESTE001,Wed Dec 17 2018 09:16:57,0,-51.4699623,-25.36489,False,Stopped,2018-12-17 09:16:57,Outside
TESTE001,Wed Dec 17 2018 09:47:00,0,-51.4699518,-25.3648868,False,Stopped,2018-12-17 09:47:00,Outside
TESTE001,Wed Dec 17 2018 10:17:03,0,-51.469929799999996,-25.3648436,False,Stopped,2018-12-17 10:17:03,Outside
TESTE001,Wed Dec 17 2018 10:47:06,0,-51.4699405,-25.364873100000004,False,Stopped,2018-12-17 10:47:06,Outside
TESTE001,Wed Dec 17 2018 11:17:09,0,-51.469953600000004,-25.3649086,False,Stopped,2018-12-17 11:17:09,Outside
TESTE001,Wed Dec 17 2018 11:47:12,0,-51.4699931,-25.3648956,False,Stopped,2018-12-17 11:47:12,Outside
TESTE001,Wed Dec 17 2018 12:17:15,0,-51.4699885,-25.3649305,False,Stopped,2018-12-17 12:17:15,Outside
TESTE001,Wed Dec 17 2018 12:47:18,0,-51.46993629999999,-25.364893,False,Stopped,2018-12-17 12:47:18,Outside
TESTE001,Wed Dec 17 2018 13:17:21,0,-51.469966,-25.364876000000002,False,Stopped,2018-12-17 13:17:21,Outside
TESTE001,Wed Dec 17 2018 13:47:23,0,-51.4699715,-25.3649228,False,Stopped,2018-12-17 13:47:23,Outside
TESTE001,Wed Dec 17 2018 14:17:26,0,-51.4699321,-25.3648786,False,Stopped,2018-12-17 14:17:26,Outside
TESTE001,Wed Dec 17 2018 14:47:29,0,-51.4699031,-25.3648971,False,Stopped,2018-12-17 14:47:29,Outside
TESTE001,Wed Dec 17 2018 15:17:32,0,-51.469951,-25.3649593,False,Stopped,2018-12-17 15:17:32,Outside
TESTE001,Wed Dec 17 2018 15:47:35,0,-51.4699395,-25.3649108,False,Stopped,2018-12-17 15:47:35,Outside
TESTE001,Wed Dec 17 2018 16:17:38,0,-51.469909799999996,-25.364935600000003,False,Stopped,2018-12-17 16:17:38,Outside
TESTE001,Wed Dec 17 2018 16:47:41,0,-51.469918,-25.3649003,False,Stopped,2018-12-17 16:47:41,Outside
TESTE001,Wed Dec 17 2018 17:17:44,0,-51.4699945,-25.3648931,False,Stopped,2018-12-17 17:17:44,Outside
TESTE001,Wed Dec 17 2018 17:47:47,0,-51.469899299999994,-25.364913100000003,False,Stopped,2018-12-17 17:47:47,Outside
TESTE001,Wed Dec 17 2018 18:17:50,0,-51.4699661,-25.364916100000002,False,Stopped,2018-12-17 18:17:50,Outside
TESTE001,Wed Dec 17 2018 18:47:53,0,-51.469915500000006,-25.3648905,False,Stopped,2018-12-17 18:47:53,Outside
TESTE001,Wed Dec 17 2018 19:17:56,0,-51.469895799999996,-25.3649005,False,Stopped,2018-12-17 19:17:56,Outside
TESTE001,Wed Dec 17 2018 19:47:59,0,-51.469930100000006,-25.3648816,False,Stopped,2018-12-17 19:47:59,Outside
TESTE001,Wed Dec 17 2018 20:18:02,0,-51.4699136,-25.364948100000003,False,Stopped,2018-12-17 20:18:02,Outside
TESTE001,Wed Dec 17 2018 20:48:05,0,-51.4699195,-25.364913100000003,False,Stopped,2018-12-17 20:48:05,Outside
TESTE001,Wed Dec 17 2018 21:18:08,0,-51.4699123,-25.3649283,False,Stopped,2018-12-17 21:18:08,Outside
TESTE001,Wed Dec 17 2018 21:48:11,0,-51.4699305,-25.3648598,False,Stopped,2018-12-17 21:48:11,Outside
TESTE001,Wed Dec 17 2018 22:18:14,0,-51.4700016,-25.364921600000002,False,Stopped,2018-12-17 22:18:14,Outside
TESTE001,Wed Dec 17 2018 22:48:17,0,-51.469881799999996,-25.364891,False,Stopped,2018-12-17 22:48:17,Outside
TESTE001,Wed Dec 17 2018 23:18:20,0,-51.4699095,-25.3649116,False,Stopped,2018-12-17 23:18:20,Outside
TESTE001,Wed Dec 17 2018 23:48:22,0,-51.4699455,-25.3648881,False,Stopped,2018-12-17 23:48:22,Outside
TESTE001,Wed Dec 18 2018 00:18:25,0,-51.469934499999994,-25.364912,False,Stopped,2018-12-18 00:18:25,Outside
TESTE001,Wed Dec 18 2018 00:48:28,0,-51.469909799999996,-25.3648855,False,Stopped,2018-12-18 00:48:28,Outside
TESTE001,Wed Dec 18 2018 01:18:31,0,-51.469923,-25.364907000000002,False,Stopped,2018-12-18 01:18:31,Outside
TESTE001,Wed Dec 18 2018 01:48:34,0,-51.469953000000004,-25.364906100000002,False,Stopped,2018-12-18 01:48:34,Outside
TESTE001,Wed Dec 18 2018 02:18:37,0,-51.4699186,-25.364915600000003,False,Stopped,2018-12-18 02:18:37,Outside
TESTE001,Wed Dec 18 2018 02:48:40,0,-51.469930100000006,-25.364911300000003,False,Stopped,2018-12-18 02:48:40,Outside
TESTE001,Wed Dec 18 2018 03:18:42,0,-51.469967600000004,-25.364890600000003,False,Stopped,2018-12-18 03:18:42,Outside
TESTE001,Wed Dec 18 2018 03:48:45,0,-51.4699126,-25.364941,False,Stopped,2018-12-18 03:48:45,Outside
TESTE001,Wed Dec 18 2018 04:18:48,0,-51.46992879999999,-25.3648653,False,Stopped,2018-12-18 04:18:48,Outside
TESTE001,Wed Dec 18 2018 04:48:51,0,-51.46989779999999,-25.364897,False,Stopped,2018-12-18 04:48:51,Outside
TESTE001,Wed Dec 18 2018 05:18:54,0,-51.469941,-25.3649435,False,Stopped,2018-12-18 05:18:54,Outside
TESTE001,Wed Dec 18 2018 05:48:56,0,-51.46989779999999,-25.3648306,False,Stopped,2018-12-18 05:48:56,Outside
TESTE001,Wed Dec 18 2018 06:18:58,0,-51.4699283,-25.364905800000003,False,Stopped,2018-12-18 06:18:58,Outside
TESTE001,Wed Dec 18 2018 06:49:01,0,-51.4699516,-25.364905,False,Stopped,2018-12-18 06:49:01,Outside
TESTE001,Wed Dec 18 2018 07:19:04,0,-51.46995379999999,-25.3648908,False,Stopped,2018-12-18 07:19:04,Outside
TESTE001,Wed Dec 18 2018 07:49:07,0,-51.46994229999999,-25.364895999999998,False,Stopped,2018-12-18 07:49:07,Outside
TESTE001,Wed Dec 18 2018 08:19:10,0,-51.469910299999995,-25.3649563,False,Stopped,2018-12-18 08:19:10,Outside
TESTE001,Wed Dec 18 2018 08:40:52,0,-51.469910299999995,-25.3649563,True,Stopped,2018-12-18 08:40:52,Outside
TESTE001,Wed Dec 18 2018 08:42:33,8,-51.4697548,-25.364669600000003,True,Moving,2018-12-18 08:42:33,Outside
TESTE001,Wed Dec 18 2018 08:42:53,8,-51.4700465,-25.364547100000003,True,Moving,2018-12-18 08:42:53,Outside
TESTE001,Wed Dec 18 2018 08:44:52,0,-51.47016,-25.364511,True,Stopped,2018-12-18 08:44:52,Outside
TESTE001,Wed Dec 18 2018 08:46:52,0,-51.4701555,-25.364537300000002,True,Stopped,2018-12-18 08:46:52,Outside
TESTE001,Wed Dec 18 2018 08:48:52,0,-51.4701396,-25.364521,True,Stopped,2018-12-18 08:48:52,Outside
TESTE001,Wed Dec 18 2018 08:50:51,8,-51.4695883,-25.364678,True,Moving,2018-12-18 08:50:51,Outside
TESTE001,Wed Dec 18 2018 08:52:08,0,-51.469273799999996,-25.364568,False,Stopped,2018-12-18 08:52:08,Outside
TESTE001,Wed Dec 18 2018 08:52:08,0,-51.469273799999996,-25.364568,False,Stopped,2018-12-18 08:52:08,Outside
TESTE001,Wed Dec 18 2018 08:52:12,0,-51.4692686,-25.3645641,True,Stopped,2018-12-18 08:52:12,Outside
TESTE001,Wed Dec 18 2018 08:52:21,0,-51.4692646,-25.3645615,False,Stopped,2018-12-18 08:52:21,Outside
TESTE001,Wed Dec 18 2018 08:52:24,0,-51.4692586,-25.3645588,True,Stopped,2018-12-18 08:52:24,Outside
TESTE001,Wed Dec 18 2018 08:52:30,0,-51.469254299999996,-25.3645563,False,Stopped,2018-12-18 08:52:30,Outside
TESTE001,Wed Dec 18 2018 09:24:32,0,-51.4692515,-25.364508999999998,False,Stopped,2018-12-18 09:24:32,Outside
TESTE001,Wed Dec 18 2018 09:54:35,0,-51.4692343,-25.364561,False,Stopped,2018-12-18 09:54:35,Outside
TESTE001,Wed Dec 18 2018 10:24:39,0,-51.469263500000004,-25.364573999999998,False,Stopped,2018-12-18 10:24:39,Outside
TESTE001,Wed Dec 18 2018 10:54:42,0,-51.4692933,-25.3645638,False,Stopped,2018-12-18 10:54:42,Outside
TESTE001,Wed Dec 18 2018 11:24:45,0,-51.4693043,-25.3645536,False,Stopped,2018-12-18 11:24:45,Outside
TESTE001,Wed Dec 18 2018 11:54:48,0,-51.4693071,-25.3646138,False,Stopped,2018-12-18 11:54:48,Outside
TESTE001,Wed Dec 18 2018 12:24:51,0,-51.4692231,-25.3644965,False,Stopped,2018-12-18 12:24:51,Outside
TESTE001,Wed Dec 18 2018 12:24:51,0,-51.4692231,-25.3644965,False,Stopped,2018-12-18 12:24:51,Outside
TESTE001,Wed Dec 18 2018 12:54:54,0,-51.469254600000006,-25.3645496,False,Stopped,2018-12-18 12:54:54,Outside
TESTE001,Wed Dec 18 2018 13:24:57,0,-51.4692523,-25.3645436,False,Stopped,2018-12-18 13:24:57,Outside
TESTE001,Wed Dec 18 2018 13:55:01,0,-51.4691975,-25.364473800000003,False,Stopped,2018-12-18 13:55:01,Outside
TESTE001,Wed Dec 18 2018 14:25:04,0,-51.469159499999996,-25.364571100000003,False,Stopped,2018-12-18 14:25:04,Outside
TESTE001,Wed Dec 18 2018 14:55:07,0,-51.4692075,-25.3646321,False,Stopped,2018-12-18 14:55:07,Outside
TESTE001,Wed Dec 18 2018 15:25:10,0,-51.4693136,-25.364689000000002,False,Stopped,2018-12-18 15:25:10,Outside
TESTE001,Wed Dec 18 2018 15:55:13,0,-51.469220799999995,-25.3645965,False,Stopped,2018-12-18 15:55:13,Outside
TESTE001,Wed Dec 18 2018 16:25:16,0,-51.469310799999995,-25.364589000000002,False,Stopped,2018-12-18 16:25:16,Outside
TESTE001,Wed Dec 18 2018 16:55:19,0,-51.4691491,-25.3645926,False,Stopped,2018-12-18 16:55:19,Outside
TESTE001,Wed Dec 18 2018 17:25:22,0,-51.469287,-25.364678,False,Stopped,2018-12-18 17:25:22,Outside
TESTE001,Wed Dec 18 2018 17:55:25,0,-51.46919329999999,-25.364601500000003,False,Stopped,2018-12-18 17:55:25,Outside
TESTE001,Wed Dec 18 2018 18:25:28,0,-51.4693331,-25.364662300000003,False,Stopped,2018-12-18 18:25:28,Outside
TESTE001,Wed Dec 18 2018 18:55:31,0,-51.4692145,-25.3645785,False,Stopped,2018-12-18 18:55:31,Outside
TESTE001,Wed Dec 18 2018 19:25:34,0,-51.4692435,-25.3645071,False,Stopped,2018-12-18 19:25:34,Outside
TESTE001,Wed Dec 18 2018 19:55:37,0,-51.469203,-25.3645176,False,Stopped,2018-12-18 19:55:37,Outside
TESTE001,Wed Dec 18 2018 20:25:40,0,-51.469219,-25.3645918,False,Stopped,2018-12-18 20:25:40,Outside
TESTE001,Wed Dec 18 2018 20:55:44,0,-51.469247499999994,-25.364569,False,Stopped,2018-12-18 20:55:44,Outside
TESTE001,Wed Dec 18 2018 21:25:48,0,-51.469226,-25.3645308,False,Stopped,2018-12-18 21:25:48,Outside
TESTE001,Wed Dec 18 2018 21:55:51,0,-51.4692081,-25.364617300000003,False,Stopped,2018-12-18 21:55:51,Outside
TESTE001,Wed Dec 18 2018 22:25:54,0,-51.46921879999999,-25.364496799999998,False,Stopped,2018-12-18 22:25:54,Outside
TESTE001,Wed Dec 18 2018 22:55:57,0,-51.469234,-25.364557100000003,False,Stopped,2018-12-18 22:55:57,Outside
TESTE001,Wed Dec 18 2018 23:26:00,0,-51.469361600000006,-25.364514,False,Stopped,2018-12-18 23:26:00,Outside
TESTE001,Wed Dec 18 2018 23:56:04,0,-51.469278,-25.3645451,False,Stopped,2018-12-18 23:56:04,Outside
TESTE001,Wed Dec 19 2018 00:26:07,0,-51.4692205,-25.3645891,False,Stopped,2018-12-19 00:26:07,Outside
TESTE001,Wed Dec 19 2018 00:56:11,0,-51.46934279999999,-25.364647,False,Stopped,2018-12-19 00:56:11,Outside
TESTE001,Wed Dec 19 2018 01:26:14,0,-51.4692645,-25.364563,False,Stopped,2018-12-19 01:26:14,Outside
TESTE001,Wed Dec 19 2018 01:56:17,0,-51.4692865,-25.3645648,False,Stopped,2018-12-19 01:56:17,Outside
TESTE001,Wed Dec 19 2018 02:26:20,0,-51.469296,-25.3645985,False,Stopped,2018-12-19 02:26:20,Outside
TESTE001,Wed Dec 19 2018 02:56:23,0,-51.469169799999996,-25.364610600000002,False,Stopped,2018-12-19 02:56:23,Outside
TESTE001,Wed Dec 19 2018 03:26:26,0,-51.4692671,-25.3645436,False,Stopped,2018-12-19 03:26:26,Outside
TESTE001,Wed Dec 19 2018 03:56:30,0,-51.4692735,-25.364547,False,Stopped,2018-12-19 03:56:30,Outside
TESTE001,Wed Dec 19 2018 04:26:34,0,-51.469314000000004,-25.364632500000003,False,Stopped,2018-12-19 04:26:34,Outside
TESTE001,Wed Dec 19 2018 04:56:38,0,-51.4692765,-25.3645263,False,Stopped,2018-12-19 04:56:38,Outside
TESTE001,Wed Dec 19 2018 05:26:41,0,-51.46924979999999,-25.364606100000003,False,Stopped,2018-12-19 05:26:41,Outside
TESTE001,Wed Dec 19 2018 05:56:44,0,-51.469280600000005,-25.364538,False,Stopped,2018-12-19 05:56:44,Outside
TESTE001,Wed Dec 19 2018 06:26:46,0,-51.4692473,-25.364596,False,Stopped,2018-12-19 06:26:46,Outside
TESTE001,Wed Dec 19 2018 06:56:49,0,-51.4692625,-25.3646218,False,Stopped,2018-12-19 06:56:49,Outside
TESTE001,Wed Dec 19 2018 07:26:52,0,-51.4692876,-25.3645395,False,Stopped,2018-12-19 07:26:52,Outside
TESTE001,Wed Dec 19 2018 07:56:55,0,-51.469319299999995,-25.3645658,False,Stopped,2018-12-19 07:56:55,Outside
TESTE001,Wed Dec 19 2018 08:26:58,0,-51.4693088,-25.3645698,False,Stopped,2018-12-19 08:26:58,Outside
TESTE001,Wed Dec 19 2018 08:57:01,0,-51.4692385,-25.3645483,False,Stopped,2018-12-19 08:57:01,Outside
TESTE001,Wed Dec 19 2018 09:27:04,0,-51.469310799999995,-25.364555300000003,False,Stopped,2018-12-19 09:27:04,Outside
TESTE001,Wed Dec 19 2018 09:57:06,0,-51.4692501,-25.364542,False,Stopped,2018-12-19 09:57:06,Outside
TESTE001,Wed Dec 19 2018 10:27:10,0,-51.469294299999994,-25.364593499999998,False,Stopped,2018-12-19 10:27:10,Outside
TESTE001,Wed Dec 19 2018 10:57:13,0,-51.4692225,-25.3645185,False,Stopped,2018-12-19 10:57:13,Outside
TESTE001,Wed Dec 19 2018 11:27:16,0,-51.469265500000006,-25.3645558,False,Stopped,2018-12-19 11:27:16,Outside
TESTE001,Wed Dec 19 2018 11:57:19,0,-51.4692698,-25.3645876,False,Stopped,2018-12-19 11:57:19,Outside
TESTE001,Wed Dec 19 2018 12:27:21,0,-51.4691545,-25.364461600000002,False,Stopped,2018-12-19 12:27:21,Outside
TESTE001,Wed Dec 19 2018 12:57:24,0,-51.4693476,-25.3645655,False,Stopped,2018-12-19 12:57:24,Outside
TESTE001,Wed Dec 19 2018 13:27:28,0,-51.4692686,-25.364440300000002,False,Stopped,2018-12-19 13:27:28,Outside
TESTE001,Wed Dec 19 2018 13:57:31,0,-51.4692886,-25.364600600000003,False,Stopped,2018-12-19 13:57:31,Outside
TESTE001,Wed Dec 19 2018 14:27:34,0,-51.46916029999999,-25.364523100000003,False,Stopped,2018-12-19 14:27:34,Outside
TESTE001,Wed Dec 19 2018 14:34:03,0,-51.46916029999999,-25.364523100000003,True,Stopped,2018-12-19 14:34:03,Outside
TESTE001,Wed Dec 19 2018 14:36:05,0,-51.469251299999996,-25.364579100000004,True,Stopped,2018-12-19 14:36:05,Outside
TESTE001,Wed Dec 19 2018 14:38:05,1,-51.4695663,-25.3646935,True,Stopped,2018-12-19 14:38:05,Outside
TESTE001,Wed Dec 19 2018 14:38:16,10,-51.469555799999995,-25.3645923,True,Moving,2018-12-19 14:38:16,Outside
TESTE001,Wed Dec 19 2018 14:38:32,8,-51.4698461,-25.364333600000002,True,Moving,2018-12-19 14:38:32,Outside
TESTE001,Wed Dec 19 2018 14:38:52,10,-51.470034000000005,-25.364182999999997,True,Moving,2018-12-19 14:38:52,Outside
TESTE001,Wed Dec 19 2018 14:40:25,13,-51.4745558,-25.366739499999998,True,Moving,2018-12-19 14:40:25,Outside
TESTE001,Wed Dec 19 2018 14:41:01,28,-51.4762276,-25.3638456,True,Moving,2018-12-19 14:41:01,Outside
TESTE001,Wed Dec 19 2018 14:41:17,18,-51.4754621,-25.3635521,True,Moving,2018-12-19 14:41:17,Outside
TESTE001,Wed Dec 19 2018 14:41:33,38,-51.4760828,-25.3641715,True,Moving,2018-12-19 14:41:33,Outside
TESTE001,Wed Dec 19 2018 14:43:33,52,-51.495836499999996,-25.369106100000003,True,Moving,2018-12-19 14:43:33,Outside
TESTE001,Wed Dec 19 2018 14:45:33,78,-51.512704799999995,-25.384063100000002,True,Moving,2018-12-19 14:45:33,Outside
TESTE001,Wed Dec 19 2018 14:46:56,17,-51.521303499999995,-25.3905271,True,Moving,2018-12-19 14:46:56,Outside
TESTE001,Wed Dec 19 2018 14:47:12,30,-51.520826,-25.391300100000002,True,Moving,2018-12-19 14:47:12,Outside
TESTE001,Wed Dec 19 2018 14:49:12,60,-51.514829600000006,-25.4017925,True,Moving,2018-12-19 14:49:12,Outside
TESTE001,Wed Dec 19 2018 14:49:37,48,-51.51217329999999,-25.4045931,True,Moving,2018-12-19 14:49:37,Outside
TESTE001,Wed Dec 19 2018 14:49:53,58,-51.5113693,-25.406453600000003,True,Moving,2018-12-19 14:49:53,Outside
TESTE001,Wed Dec 19 2018 14:51:53,25,-51.4941445,-25.4120918,True,Moving,2018-12-19 14:51:53,Outside
TESTE001,Wed Dec 19 2018 14:52:15,24,-51.492973299999996,-25.4124188,True,Moving,2018-12-19 14:52:15,Outside
TESTE001,Wed Dec 19 2018 14:52:34,32,-51.4924238,-25.4131588,True,Moving,2018-12-19 14:52:34,Outside
TESTE001,Wed Dec 19 2018 14:54:24,68,-51.4913945,-25.4258688,True,Moving,2018-12-19 14:54:24,Outside
TESTE001,Wed Dec 19 2018 14:54:49,68,-51.493975799999994,-25.429460600000002,True,Moving,2018-12-19 14:54:49,Outside
TESTE001,Wed Dec 19 2018 14:55:11,61,-51.4974841,-25.4312705,True,Moving,2018-12-19 14:55:11,Outside
TESTE001,Wed Dec 19 2018 14:57:01,87,-51.5099678,-25.448058800000002,True,Moving,2018-12-19 14:57:01,Outside
TESTE001,Wed Dec 19 2018 14:58:03,63,-51.5205781,-25.450966,True,Moving,2018-12-19 14:58:03,Outside
TESTE001,Wed Dec 19 2018 14:58:30,63,-51.52193629999999,-25.455142300000002,True,Moving,2018-12-19 14:58:30,Outside
TESTE001,Wed Dec 19 2018 14:59:05,62,-51.5204636,-25.460523600000002,True,Moving,2018-12-19 14:59:05,Outside
TESTE001,Wed Dec 19 2018 14:59:11,57,-51.521217299999996,-25.4611558,True,Moving,2018-12-19 14:59:11,Outside
TESTE001,Wed Dec 19 2018 15:00:09,83,-51.5291673,-25.4672626,True,Moving,2018-12-19 15:00:09,Outside
TESTE001,Wed Dec 19 2018 15:02:08,79,-51.5388715,-25.4863806,True,Moving,2018-12-19 15:02:08,Outside
TESTE001,Wed Dec 19 2018 15:02:56,45,-51.5402723,-25.4940978,True,Moving,2018-12-19 15:02:56,Outside
TESTE001,Wed Dec 19 2018 15:03:16,45,-51.5416045,-25.495774,True,Moving,2018-12-19 15:03:16,Outside
TESTE001,Wed Dec 19 2018 15:03:45,44,-51.5420685,-25.4990296,True,Moving,2018-12-19 15:03:45,Outside
TESTE001,Wed Dec 19 2018 15:04:23,57,-51.545294,-25.5022671,True,Moving,2018-12-19 15:04:23,Outside
TESTE001,Wed Dec 19 2018 15:06:23,69,-51.5489128,-25.5196665,True,Moving,2018-12-19 15:06:23,Outside
TESTE001,Wed Dec 19 2018 15:07:19,10,-51.549662,-25.5244493,True,Moving,2018-12-19 15:07:19,Outside
TESTE001,Wed Dec 19 2018 15:07:40,35,-51.548415999999996,-25.5241891,True,Moving,2018-12-19 15:07:40,Outside
TESTE001,Wed Dec 19 2018 15:09:40,63,-51.5362211,-25.5211943,True,Moving,2018-12-19 15:09:40,Outside
TESTE001,Wed Dec 19 2018 15:10:14,80,-51.529781799999995,-25.5222375,True,Moving,2018-12-19 15:10:14,Outside
TESTE001,Wed Dec 19 2018 15:11:32,81,-51.513022799999995,-25.5215898,True,Moving,2018-12-19 15:11:32,Outside
TESTE001,Wed Dec 19 2018 15:12:03,72,-51.5067433,-25.5242073,True,Moving,2018-12-19 15:12:03,Outside
TESTE001,Wed Dec 19 2018 15:14:03,23,-51.502717600000004,-25.5358336,True,Moving,2018-12-19 15:14:03,Outside
TESTE001,Wed Dec 19 2018 15:16:03,72,-51.4940308,-25.5519025,True,Moving,2018-12-19 15:16:03,Outside
TESTE001,Wed Dec 19 2018 15:18:03,21,-51.4893013,-25.5626495,True,Moving,2018-12-19 15:18:03,Outside
TESTE001,Wed Dec 19 2018 15:20:03,27,-51.4863113,-25.569229800000002,True,Moving,2018-12-19 15:20:03,Outside
TESTE001,Wed Dec 19 2018 15:20:31,13,-51.485448100000006,-25.5709993,True,Moving,2018-12-19 15:20:31,Outside
TESTE001,Wed Dec 19 2018 15:20:47,27,-51.484604600000004,-25.570719600000004,True,Moving,2018-12-19 15:20:47,Outside
TESTE001,Wed Dec 19 2018 15:22:01,28,-51.478593100000005,-25.5685711,True,Moving,2018-12-19 15:22:01,Outside
TESTE001,Wed Dec 19 2018 15:22:20,28,-51.477512299999994,-25.5692473,True,Moving,2018-12-19 15:22:20,Outside
TESTE001,Wed Dec 19 2018 15:22:49,16,-51.4755801,-25.5684186,True,Moving,2018-12-19 15:22:49,Outside
TESTE001,Wed Dec 19 2018 15:23:05,22,-51.4753331,-25.5677438,True,Moving,2018-12-19 15:23:05,Outside
TESTE001,Wed Dec 19 2018 15:23:21,12,-51.4761088,-25.5677063,True,Moving,2018-12-19 15:23:21,Outside
TESTE001,Wed Dec 19 2018 15:23:37,11,-51.4764413,-25.567762,True,Moving,2018-12-19 15:23:37,Outside
TESTE001,Wed Dec 19 2018 15:25:00,0,-51.476612100000004,-25.5676555,False,Stopped,2018-12-19 15:25:00,Outside
TESTE001,Wed Dec 19 2018 15:25:00,0,-51.476612100000004,-25.5676555,False,Stopped,2018-12-19 15:25:00,Outside
TESTE001,Wed Dec 19 2018 15:44:42,0,-51.476612100000004,-25.5676555,True,Stopped,2018-12-19 15:44:42,Outside
TESTE001,Wed Dec 19 2018 15:46:43,4,-51.4759906,-25.5676555,True,Stopped,2018-12-19 15:46:43,Outside
TESTE001,Wed Dec 19 2018 15:48:01,7,-51.475332,-25.567549800000002,True,Moving,2018-12-19 15:48:01,Outside
TESTE001,Wed Dec 19 2018 15:48:24,20,-51.4747,-25.5676336,True,Moving,2018-12-19 15:48:24,Outside
TESTE001,Wed Dec 19 2018 15:48:40,22,-51.4747641,-25.5682101,True,Moving,2018-12-19 15:48:40,Outside
TESTE001,Wed Dec 19 2018 15:49:07,17,-51.4770176,-25.568962300000003,True,Moving,2018-12-19 15:49:07,Outside
TESTE001,Wed Dec 19 2018 15:49:52,9,-51.477197499999996,-25.568634799999998,True,Moving,2018-12-19 15:49:52,Outside
TESTE001,Wed Dec 19 2018 15:50:08,14,-51.4773943,-25.567970000000003,True,Moving,2018-12-19 15:50:08,Outside
TESTE001,Wed Dec 19 2018 15:52:07,0,-51.477690100000004,-25.567985999999998,True,Stopped,2018-12-19 15:52:07,Outside
TESTE001,Wed Dec 19 2018 15:53:58,0,-51.4777033,-25.5679951,False,Stopped,2018-12-19 15:53:58,Outside
TESTE001,Wed Dec 19 2018 15:53:58,0,-51.4777033,-25.5679951,False,Stopped,2018-12-19 15:53:58,Outside
TESTE001,Wed Dec 19 2018 15:55:47,0,-51.4777106,-25.5680061,True,Stopped,2018-12-19 15:55:47,Outside
TESTE001,Wed Dec 19 2018 15:56:24,8,-51.477722799999995,-25.568048100000002,True,Moving,2018-12-19 15:56:24,Outside
TESTE001,Wed Dec 19 2018 15:56:43,0,-51.477857,-25.5681155,False,Stopped,2018-12-19 15:56:43,Outside
TESTE001,Wed Dec 19 2018 15:56:43,0,-51.477857,-25.5681155,False,Stopped,2018-12-19 15:56:43,Outside
TESTE001,Wed Dec 19 2018 15:57:25,0,-51.4778718,-25.5681026,True,Stopped,2018-12-19 15:57:25,Outside
TESTE001,Wed Dec 19 2018 15:58:42,0,-51.4780751,-25.5681891,False,Stopped,2018-12-19 15:58:42,Outside
TESTE001,Wed Dec 19 2018 16:01:08,0,-51.478088299999996,-25.5681801,True,Stopped,2018-12-19 16:01:08,Outside
TESTE001,Wed Dec 19 2018 16:01:24,7,-51.478155799999996,-25.5682108,True,Moving,2018-12-19 16:01:24,Outside
TESTE001,Wed Dec 19 2018 16:01:44,0,-51.4781825,-25.568416,False,Stopped,2018-12-19 16:01:44,Outside
TESTE001,Wed Dec 19 2018 16:01:44,0,-51.4781825,-25.568416,False,Stopped,2018-12-19 16:01:44,Outside
TESTE001,Wed Dec 19 2018 16:01:49,0,-51.4781746,-25.5684186,True,Stopped,2018-12-19 16:01:49,Outside
TESTE001,Wed Dec 19 2018 16:01:59,0,-51.47817,-25.5684186,False,Stopped,2018-12-19 16:01:59,Outside
TESTE001,Wed Dec 19 2018 16:02:54,0,-51.4781515,-25.568420800000002,True,Stopped,2018-12-19 16:02:54,Outside
TESTE001,Wed Dec 19 2018 16:03:05,7,-51.47813729999999,-25.5684846,True,Moving,2018-12-19 16:03:05,Outside
TESTE001,Wed Dec 19 2018 16:03:18,0,-51.478083000000005,-25.5685995,False,Stopped,2018-12-19 16:03:18,Outside
TESTE001,Wed Dec 19 2018 16:03:18,0,-51.478083000000005,-25.5685995,False,Stopped,2018-12-19 16:03:18,Outside
TESTE001,Wed Dec 19 2018 16:04:29,0,-51.4781021,-25.568633600000002,True,Stopped,2018-12-19 16:04:29,Outside
TESTE001,Wed Dec 19 2018 16:04:56,6,-51.478055600000005,-25.5687198,True,Moving,2018-12-19 16:04:56,Outside
TESTE001,Wed Dec 19 2018 16:05:52,0,-51.477849,-25.5688581,False,Stopped,2018-12-19 16:05:52,Outside
TESTE001,Wed Dec 19 2018 16:05:52,0,-51.477849,-25.5688581,False,Stopped,2018-12-19 16:05:52,Outside
TESTE001,Wed Dec 19 2018 16:07:51,0,-51.4778805,-25.568843100000002,True,Stopped,2018-12-19 16:07:51,Outside
TESTE001,Wed Dec 19 2018 16:08:06,6,-51.4778143,-25.5688493,True,Moving,2018-12-19 16:08:06,Outside
TESTE001,Wed Dec 19 2018 16:08:22,0,-51.4776555,-25.5688033,False,Stopped,2018-12-19 16:08:22,Outside
TESTE001,Wed Dec 19 2018 16:08:22,0,-51.4776555,-25.5688033,False,Stopped,2018-12-19 16:08:22,Outside
TESTE001,Wed Dec 19 2018 16:10:54,0,-51.477601,-25.568792600000002,True,Stopped,2018-12-19 16:10:54,Outside
TESTE001,Wed Dec 19 2018 16:11:30,7,-51.4775101,-25.5687491,True,Moving,2018-12-19 16:11:30,Outside
TESTE001,Wed Dec 19 2018 16:12:35,11,-51.4773261,-25.5686073,True,Moving,2018-12-19 16:12:35,Outside
TESTE001,Wed Dec 19 2018 16:13:16,0,-51.4775075,-25.5682383,False,Stopped,2018-12-19 16:13:16,Outside
TESTE001,Wed Dec 19 2018 16:13:16,0,-51.4775075,-25.5682383,False,Stopped,2018-12-19 16:13:16,Outside
TESTE001,Wed Dec 19 2018 16:17:47,0,-51.47754260000001,-25.568201300000002,True,Stopped,2018-12-19 16:17:47,Outside
TESTE001,Wed Dec 19 2018 16:18:15,8,-51.4776513,-25.5680215,True,Moving,2018-12-19 16:18:15,Outside
TESTE001,Wed Dec 19 2018 16:18:33,19,-51.478431799999996,-25.5681638,True,Moving,2018-12-19 16:18:33,Outside
TESTE001,Wed Dec 19 2018 16:19:38,12,-51.48099379999999,-25.5691066,True,Moving,2018-12-19 16:19:38,Outside
TESTE001,Wed Dec 19 2018 16:19:54,18,-51.4812213,-25.568562,True,Moving,2018-12-19 16:19:54,Outside
TESTE001,Wed Dec 19 2018 16:20:24,10,-51.481578999999996,-25.567559,True,Moving,2018-12-19 16:20:24,Outside
TESTE001,Wed Dec 19 2018 16:20:40,11,-51.4811375,-25.5673021,True,Moving,2018-12-19 16:20:40,Outside
TESTE001,Wed Dec 19 2018 16:20:56,9,-51.4807311,-25.5674803,True,Moving,2018-12-19 16:20:56,Outside
TESTE001,Wed Dec 19 2018 16:21:20,0,-51.4806913,-25.5676051,False,Stopped,2018-12-19 16:21:20,Outside
TESTE001,Wed Dec 19 2018 16:21:20,0,-51.4806913,-25.5676051,False,Stopped,2018-12-19 16:21:20,Outside
TESTE001,Wed Dec 19 2018 16:27:29,0,-51.4806913,-25.5676051,True,Stopped,2018-12-19 16:27:29,Outside
TESTE001,Wed Dec 19 2018 16:27:46,9,-51.4803218,-25.5676855,True,Moving,2018-12-19 16:27:46,Outside
TESTE001,Wed Dec 19 2018 16:29:49,0,-51.4806178,-25.567764999999998,True,Stopped,2018-12-19 16:29:49,Outside
TESTE001,Wed Dec 19 2018 16:31:49,1,-51.480719,-25.5677771,True,Stopped,2018-12-19 16:31:49,Outside
TESTE001,Wed Dec 19 2018 16:33:49,0,-51.480733799999996,-25.5676768,True,Stopped,2018-12-19 16:33:49,Outside
TESTE001,Wed Dec 19 2018 16:34:35,0,-51.4807053,-25.567701800000002,False,Stopped,2018-12-19 16:34:35,Outside
TESTE001,Wed Dec 19 2018 16:34:35,0,-51.4807053,-25.567701800000002,False,Stopped,2018-12-19 16:34:35,Outside
TESTE001,Wed Dec 19 2018 17:06:38,0,-51.4809586,-25.5675645,False,Stopped,2018-12-19 17:06:38,Outside
TESTE001,Wed Dec 19 2018 17:21:49,0,-51.480528,-25.567807300000002,True,Stopped,2018-12-19 17:21:49,Outside
TESTE001,Wed Dec 19 2018 17:23:03,7,-51.480806799999996,-25.5676528,True,Moving,2018-12-19 17:23:03,Outside
TESTE001,Wed Dec 19 2018 17:25:03,0,-51.4805765,-25.567784600000003,True,Stopped,2018-12-19 17:25:03,Outside
TESTE001,Wed Dec 19 2018 17:27:03,0,-51.4806518,-25.567874300000003,True,Stopped,2018-12-19 17:27:03,Outside
TESTE001,Wed Dec 19 2018 17:29:03,0,-51.4806335,-25.5678723,True,Stopped,2018-12-19 17:29:03,Outside
TESTE001,Wed Dec 19 2018 17:31:03,0,-51.4806411,-25.5678813,True,Stopped,2018-12-19 17:31:03,Outside
TESTE001,Wed Dec 19 2018 17:31:54,0,-51.4806276,-25.5678623,False,Stopped,2018-12-19 17:31:54,Outside
TESTE001,Wed Dec 19 2018 17:31:54,0,-51.4806276,-25.5678623,False,Stopped,2018-12-19 17:31:54,Outside
TESTE001,Wed Dec 19 2018 17:55:43,0,-51.4806276,-25.5678623,True,Stopped,2018-12-19 17:55:43,Outside
TESTE001,Wed Dec 19 2018 17:56:15,7,-51.4803631,-25.567704100000004,True,Moving,2018-12-19 17:56:15,Outside
TESTE001,Wed Dec 19 2018 17:56:35,11,-51.4809026,-25.567328600000003,True,Moving,2018-12-19 17:56:35,Outside
TESTE001,Wed Dec 19 2018 17:56:55,9,-51.481343100000004,-25.5674815,True,Moving,2018-12-19 17:56:55,Outside
TESTE001,Wed Dec 19 2018 17:57:11,7,-51.481615000000005,-25.567806,True,Moving,2018-12-19 17:57:11,Outside
TESTE001,Wed Dec 19 2018 17:58:15,8,-51.480765500000004,-25.5690755,True,Moving,2018-12-19 17:58:15,Outside
TESTE001,Wed Dec 19 2018 17:59:46,9,-51.4781716,-25.5682093,True,Moving,2018-12-19 17:59:46,Outside
TESTE001,Wed Dec 19 2018 18:00:09,9,-51.4777745,-25.568866600000003,True,Moving,2018-12-19 18:00:09,Outside
TESTE001,Wed Dec 19 2018 18:02:09,0,-51.4774725,-25.568770999999998,True,Stopped,2018-12-19 18:02:09,Outside
TESTE001,Wed Dec 19 2018 18:04:09,3,-51.4774045,-25.5684218,True,Stopped,2018-12-19 18:04:09,Outside
TESTE001,Wed Dec 19 2018 18:04:34,0,-51.477459100000004,-25.5682671,False,Stopped,2018-12-19 18:04:34,Outside
TESTE001,Wed Dec 19 2018 18:04:34,0,-51.477459100000004,-25.5682671,False,Stopped,2018-12-19 18:04:34,Outside
TESTE001,Wed Dec 19 2018 18:08:58,0,-51.477511799999995,-25.5681875,True,Stopped,2018-12-19 18:08:58,Outside
TESTE001,Wed Dec 19 2018 18:09:29,7,-51.477641799999994,-25.5680158,True,Moving,2018-12-19 18:09:29,Outside
TESTE001,Wed Dec 19 2018 18:11:29,0,-51.477249,-25.568819,True,Stopped,2018-12-19 18:11:29,Outside
TESTE001,Wed Dec 19 2018 18:12:09,9,-51.477199,-25.5690671,True,Moving,2018-12-19 18:12:09,Outside
TESTE001,Wed Dec 19 2018 18:12:24,17,-51.477618,-25.569246,True,Moving,2018-12-19 18:12:24,Outside
TESTE001,Wed Dec 19 2018 18:12:40,18,-51.4782088,-25.5688848,True,Moving,2018-12-19 18:12:40,Outside
TESTE001,Wed Dec 19 2018 18:12:56,22,-51.478843,-25.5684648,True,Moving,2018-12-19 18:12:56,Outside
TESTE001,Wed Dec 19 2018 18:14:56,7,-51.4854088,-25.570857500000002,True,Moving,2018-12-19 18:14:56,Outside
TESTE001,Wed Dec 19 2018 18:16:56,16,-51.4879433,-25.5654013,True,Moving,2018-12-19 18:16:56,Outside
TESTE001,Wed Dec 19 2018 18:18:56,12,-51.4906531,-25.5594146,True,Moving,2018-12-19 18:18:56,Outside
TESTE001,Wed Dec 19 2018 18:20:56,63,-51.496666999999995,-25.5462158,True,Moving,2018-12-19 18:20:56,Outside
TESTE001,Wed Dec 19 2018 18:22:56,34,-51.5026826,-25.535166500000003,True,Moving,2018-12-19 18:22:56,Outside
TESTE001,Wed Dec 19 2018 18:24:52,64,-51.5069115,-25.523934,True,Moving,2018-12-19 18:24:52,Outside
TESTE001,Wed Dec 19 2018 18:25:30,70,-51.513498299999995,-25.5214336,True,Moving,2018-12-19 18:25:30,Outside
TESTE001,Wed Dec 19 2018 18:27:30,57,-51.5350178,-25.5215488,True,Moving,2018-12-19 18:27:30,Outside
TESTE001,Wed Dec 19 2018 18:27:46,42,-51.537283,-25.521029100000003,True,Moving,2018-12-19 18:27:46,Outside
TESTE001,Wed Dec 19 2018 18:29:46,51,-51.5466843,-25.5236483,True,Moving,2018-12-19 18:29:46,Outside
TESTE001,Wed Dec 19 2018 18:30:15,16,-51.549314,-25.5241778,True,Moving,2018-12-19 18:30:15,Outside
TESTE001,Wed Dec 19 2018 18:30:31,21,-51.5494668,-25.5237325,True,Moving,2018-12-19 18:30:31,Outside
TESTE001,Wed Dec 19 2018 18:32:31,60,-51.5453803,-25.506535500000002,True,Moving,2018-12-19 18:32:31,Outside
TESTE001,Wed Dec 19 2018 18:33:12,54,-51.544544,-25.500799100000002,True,Moving,2018-12-19 18:33:12,Outside
TESTE001,Wed Dec 19 2018 18:33:46,59,-51.5414701,-25.497848,True,Moving,2018-12-19 18:33:46,Outside
TESTE001,Wed Dec 19 2018 18:34:07,57,-51.541156,-25.495010999999998,True,Moving,2018-12-19 18:34:07,Outside
TESTE001,Wed Dec 19 2018 18:34:34,74,-51.539238,-25.4909625,True,Moving,2018-12-19 18:34:34,Outside
TESTE001,Wed Dec 19 2018 18:35:46,79,-51.5368275,-25.4779533,True,Moving,2018-12-19 18:35:46,Outside
TESTE001,Wed Dec 19 2018 18:37:45,19,-51.530527500000005,-25.471808,True,Moving,2018-12-19 18:37:45,Outside
TESTE001,Wed Dec 19 2018 18:39:45,39,-51.525702100000004,-25.4635478,True,Moving,2018-12-19 18:39:45,Outside
TESTE001,Wed Dec 19 2018 18:40:14,45,-51.523070600000004,-25.4616466,True,Moving,2018-12-19 18:40:14,Outside
TESTE001,Wed Dec 19 2018 18:40:35,40,-51.5206018,-25.460837100000003,True,Moving,2018-12-19 18:40:35,Outside
TESTE001,Wed Dec 19 2018 18:40:51,49,-51.5203591,-25.4591651,True,Moving,2018-12-19 18:40:51,Outside
TESTE001,Wed Dec 19 2018 18:42:06,45,-51.52018579999999,-25.450299800000003,True,Moving,2018-12-19 18:42:06,Outside
TESTE001,Wed Dec 19 2018 18:42:22,49,-51.518563,-25.4494175,True,Moving,2018-12-19 18:42:22,Outside
TESTE001,Wed Dec 19 2018 18:44:22,26,-51.50164960000001,-25.442372100000004,True,Moving,2018-12-19 18:44:22,Outside
TESTE001,Wed Dec 19 2018 18:45:33,47,-51.498180299999994,-25.438104,True,Moving,2018-12-19 18:45:33,Outside
TESTE001,Wed Dec 19 2018 18:46:43,23,-51.4971315,-25.4330495,True,Moving,2018-12-19 18:46:43,Outside
TESTE001,Wed Dec 19 2018 18:47:16,19,-51.49746629999999,-25.431476800000002,True,Moving,2018-12-19 18:47:16,Outside
TESTE001,Wed Dec 19 2018 18:47:37,21,-51.496947600000006,-25.4306556,True,Moving,2018-12-19 18:47:37,Outside
TESTE001,Wed Dec 19 2018 18:49:37,51,-51.491267799999996,-25.4257098,True,Moving,2018-12-19 18:49:37,Outside
TESTE001,Wed Dec 19 2018 18:49:53,54,-51.4914015,-25.42363,True,Moving,2018-12-19 18:49:53,Outside
TESTE001,Wed Dec 19 2018 18:51:53,18,-51.4923073,-25.413441600000002,True,Moving,2018-12-19 18:51:53,Outside
TESTE001,Wed Dec 19 2018 18:52:10,15,-51.492684999999994,-25.4125715,True,Moving,2018-12-19 18:52:10,Outside
TESTE001,Wed Dec 19 2018 18:52:33,24,-51.4935445,-25.4121048,True,Moving,2018-12-19 18:52:33,Outside
TESTE001,Wed Dec 19 2018 18:54:33,76,-51.507729600000005,-25.4073083,True,Moving,2018-12-19 18:54:33,Outside
TESTE001,Wed Dec 19 2018 18:54:59,42,-51.511862799999996,-25.4059965,True,Moving,2018-12-19 18:54:59,Outside
TESTE001,Wed Dec 19 2018 18:56:58,26,-51.518572600000006,-25.397089,True,Moving,2018-12-19 18:56:58,Outside
TESTE001,Wed Dec 19 2018 18:58:47,27,-51.5207598,-25.3908815,True,Moving,2018-12-19 18:58:47,Outside
TESTE001,Wed Dec 19 2018 18:59:03,24,-51.519937,-25.3903111,True,Moving,2018-12-19 18:59:03,Outside
TESTE001,Wed Dec 19 2018 19:01:03,60,-51.5095586,-25.381181299999998,True,Moving,2018-12-19 19:01:03,Outside
TESTE001,Wed Dec 19 2018 19:03:03,47,-51.494910499999996,-25.3684638,True,Moving,2018-12-19 19:03:03,Outside
TESTE001,Wed Dec 19 2018 19:03:39,66,-51.4902335,-25.3659731,True,Moving,2018-12-19 19:03:39,Outside
TESTE001,Wed Dec 19 2018 19:05:39,30,-51.475806,-25.365293100000002,True,Moving,2018-12-19 19:05:39,Outside
TESTE001,Wed Dec 19 2018 19:05:58,25,-51.4749451,-25.366340100000002,True,Moving,2018-12-19 19:05:58,Outside
TESTE001,Wed Dec 19 2018 19:06:16,9,-51.474653499999995,-25.3669775,True,Moving,2018-12-19 19:06:16,Outside
TESTE001,Wed Dec 19 2018 19:06:32,12,-51.4743976,-25.366765100000002,True,Moving,2018-12-19 19:06:32,Outside
TESTE001,Wed Dec 19 2018 19:07:53,14,-51.4701345,-25.3642733,True,Moving,2018-12-19 19:07:53,Outside
TESTE001,Wed Dec 19 2018 19:08:09,10,-51.469741600000006,-25.364393300000003,True,Moving,2018-12-19 19:08:09,Outside
TESTE001,Wed Dec 19 2018 19:08:25,7,-51.469637799999994,-25.364682300000002,True,Moving,2018-12-19 19:08:25,Outside
TESTE001,Wed Dec 19 2018 19:10:25,0,-51.469803000000006,-25.3643763,True,Stopped,2018-12-19 19:10:25,Outside
TESTE001,Wed Dec 19 2018 19:12:03,0,-51.469829299999994,-25.364350100000003,False,Stopped,2018-12-19 19:12:03,Outside
TESTE001,Wed Dec 19 2018 19:12:03,0,-51.469829299999994,-25.364350100000003,False,Stopped,2018-12-19 19:12:03,Outside
TESTE001,Wed Dec 19 2018 19:12:17,0,-51.4698333,-25.364352,True,Stopped,2018-12-19 19:12:17,Outside
TESTE001,Wed Dec 19 2018 19:12:34,0,-51.4698435,-25.3643538,False,Stopped,2018-12-19 19:12:34,Outside
TESTE001,Wed Dec 19 2018 19:23:35,0,-51.4698435,-25.3643538,True,Stopped,2018-12-19 19:23:35,Outside
TESTE001,Wed Dec 19 2018 19:25:37,0,-51.469798299999994,-25.3643983,True,Stopped,2018-12-19 19:25:37,Outside
TESTE001,Wed Dec 19 2018 19:27:37,0,-51.4697961,-25.3643746,True,Stopped,2018-12-19 19:27:37,Outside
TESTE001,Wed Dec 19 2018 19:28:28,7,-51.4697041,-25.3644393,True,Moving,2018-12-19 19:28:28,Outside
TESTE001,Wed Dec 19 2018 19:28:28,7,-51.4697041,-25.3644393,True,Moving,2018-12-19 19:28:28,Outside
TESTE001,Wed Dec 19 2018 19:28:49,0,-51.469547600000006,-25.3643351,False,Stopped,2018-12-19 19:28:49,Outside
TESTE001,Wed Dec 19 2018 19:28:49,0,-51.469547600000006,-25.3643351,False,Stopped,2018-12-19 19:28:49,Outside
TESTE001,Wed Dec 19 2018 19:33:41,0,-51.4695258,-25.3643393,True,Stopped,2018-12-19 19:33:41,Outside
TESTE001,Wed Dec 19 2018 19:35:18,7,-51.46976179999999,-25.364576,True,Moving,2018-12-19 19:35:18,Outside
TESTE001,Wed Dec 19 2018 19:37:18,0,-51.4702323,-25.3643956,True,Stopped,2018-12-19 19:37:18,Outside
TESTE001,Wed Dec 19 2018 19:39:18,0,-51.4702356,-25.364439100000002,True,Stopped,2018-12-19 19:39:18,Outside
TESTE001,Wed Dec 19 2018 19:39:18,0,-51.4702356,-25.364439100000002,True,Stopped,2018-12-19 19:39:18,Outside
TESTE001,Wed Dec 19 2018 19:41:18,0,-51.4702948,-25.3643915,True,Stopped,2018-12-19 19:41:18,Outside
TESTE001,Wed Dec 19 2018 19:43:18,0,-51.4702246,-25.3644098,True,Stopped,2018-12-19 19:43:18,Outside
TESTE001,Wed Dec 19 2018 19:44:13,8,-51.4699195,-25.3642701,True,Moving,2018-12-19 19:44:13,Outside
TESTE001,Wed Dec 19 2018 19:44:33,11,-51.469876,-25.3640935,True,Moving,2018-12-19 19:44:33,Outside
TESTE001,Wed Dec 19 2018 19:45:07,10,-51.4685485,-25.3632928,True,Moving,2018-12-19 19:45:07,Outside
TESTE001,Wed Dec 19 2018 19:45:46,12,-51.469635100000005,-25.3614396,True,Moving,2018-12-19 19:45:46,Outside
TESTE001,Wed Dec 19 2018 19:47:45,51,-51.459455299999995,-25.3532888,True,Moving,2018-12-19 19:47:45,Outside
TESTE001,Wed Dec 19 2018 19:49:45,53,-51.4448763,-25.3455533,True,Moving,2018-12-19 19:49:45,Outside
TESTE001,Wed Dec 19 2018 19:51:45,60,-51.4336158,-25.3418918,True,Moving,2018-12-19 19:51:45,Outside
TESTE001,Wed Dec 19 2018 19:52:34,63,-51.4273201,-25.339191800000002,True,Moving,2018-12-19 19:52:34,Outside
TESTE001,Wed Dec 19 2018 19:53:38,92,-51.4138278,-25.340884,True,Moving,2018-12-19 19:53:38,Outside
TESTE001,Wed Dec 19 2018 19:54:27,37,-51.4064468,-25.3459946,True,Moving,2018-12-19 19:54:27,Outside
TESTE001,Wed Dec 19 2018 19:56:26,46,-51.3974593,-25.3444783,True,Moving,2018-12-19 19:56:26,Outside
TESTE001,Wed Dec 19 2018 19:56:56,65,-51.3927356,-25.3448098,True,Moving,2018-12-19 19:56:56,Outside
TESTE001,Wed Dec 19 2018 19:57:11,68,-51.391688099999996,-25.3473308,True,Moving,2018-12-19 19:57:11,Outside
TESTE001,Wed Dec 19 2018 19:57:27,67,-51.389496,-25.348539600000002,True,Moving,2018-12-19 19:57:27,Outside
TESTE001,Wed Dec 19 2018 19:57:59,72,-51.3835295,-25.346189300000002,True,Moving,2018-12-19 19:57:59,Outside
TESTE001,Wed Dec 19 2018 19:59:01,78,-51.3716765,-25.3533353,True,Moving,2018-12-19 19:59:01,Outside
TESTE001,Wed Dec 19 2018 19:59:29,66,-51.365758,-25.3526138,True,Moving,2018-12-19 19:59:29,Outside
TESTE001,Wed Dec 19 2018 20:01:08,37,-51.35004179999999,-25.362858,True,Moving,2018-12-19 20:01:08,Outside
TESTE001,Wed Dec 19 2018 20:01:44,43,-51.3485936,-25.3656345,True,Moving,2018-12-19 20:01:44,Outside
TESTE001,Wed Dec 19 2018 20:03:43,65,-51.3284235,-25.369263500000002,True,Moving,2018-12-19 20:03:43,Outside
TESTE001,Wed Dec 19 2018 20:04:19,67,-51.3210396,-25.3714426,True,Moving,2018-12-19 20:04:19,Outside
TESTE001,Wed Dec 19 2018 20:04:39,61,-51.318864000000005,-25.373648100000004,True,Moving,2018-12-19 20:04:39,Outside
TESTE001,Wed Dec 19 2018 20:06:38,24,-51.306635,-25.373282999999997,True,Moving,2018-12-19 20:06:38,Outside
TESTE001,Wed Dec 19 2018 20:08:38,63,-51.292927,-25.3768435,True,Moving,2018-12-19 20:08:38,Outside
TESTE001,Wed Dec 19 2018 20:09:06,56,-51.2883885,-25.3773486,True,Moving,2018-12-19 20:09:06,Outside
TESTE001,Wed Dec 19 2018 20:09:48,15,-51.284535299999995,-25.374888000000002,True,Moving,2018-12-19 20:09:48,Outside
TESTE001,Wed Dec 19 2018 20:10:35,65,-51.280393,-25.372158,True,Moving,2018-12-19 20:10:35,Outside
TESTE001,Wed Dec 19 2018 20:12:34,45,-51.2629503,-25.371648999999998,True,Moving,2018-12-19 20:12:34,Outside
TESTE001,Wed Dec 19 2018 20:14:34,90,-51.24343029999999,-25.362239499999998,True,Moving,2018-12-19 20:14:34,Outside
TESTE001,Wed Dec 19 2018 20:15:22,77,-51.2342735,-25.3558103,True,Moving,2018-12-19 20:15:22,Outside
TESTE001,Wed Dec 19 2018 20:15:49,77,-51.2292156,-25.353976,True,Moving,2018-12-19 20:15:49,Outside
TESTE001,Wed Dec 19 2018 20:17:25,76,-51.215810299999994,-25.3391521,True,Moving,2018-12-19 20:17:25,Outside
TESTE001,Wed Dec 19 2018 20:19:24,50,-51.215249,-25.319501100000004,True,Moving,2018-12-19 20:19:24,Outside
TESTE001,Wed Dec 19 2018 20:21:02,51,-51.211176,-25.307553,True,Moving,2018-12-19 20:21:02,Outside
TESTE001,Wed Dec 19 2018 20:21:17,51,-51.2093833,-25.308237600000002,True,Moving,2018-12-19 20:21:17,Outside
TESTE001,Wed Dec 19 2018 20:21:36,49,-51.208402500000005,-25.3104613,True,Moving,2018-12-19 20:21:36,Outside
TESTE001,Wed Dec 19 2018 20:23:26,41,-51.195167,-25.3172453,True,Moving,2018-12-19 20:23:26,Outside
TESTE001,Wed Dec 19 2018 20:24:01,47,-51.1956468,-25.3210066,True,Moving,2018-12-19 20:24:01,Outside
TESTE001,Wed Dec 19 2018 20:24:24,46,-51.196779600000006,-25.3233861,True,Moving,2018-12-19 20:24:24,Outside
TESTE001,Wed Dec 19 2018 20:24:40,41,-51.19523,-25.3241583,True,Moving,2018-12-19 20:24:40,Outside
TESTE001,Wed Dec 19 2018 20:25:04,47,-51.19239279999999,-25.3237728,True,Moving,2018-12-19 20:25:04,Outside
TESTE001,Wed Dec 19 2018 20:25:45,55,-51.189374799999996,-25.3190396,True,Moving,2018-12-19 20:25:45,Outside
TESTE001,Wed Dec 19 2018 20:26:29,57,-51.186891499999994,-25.3129465,True,Moving,2018-12-19 20:26:29,Outside
TESTE001,Wed Dec 19 2018 20:26:48,73,-51.1835681,-25.3121745,True,Moving,2018-12-19 20:26:48,Outside
TESTE001,Wed Dec 19 2018 20:28:00,53,-51.171808,-25.3121695,True,Moving,2018-12-19 20:28:00,Outside
TESTE001,Wed Dec 19 2018 20:29:59,78,-51.154796600000005,-25.3035255,True,Moving,2018-12-19 20:29:59,Outside
TESTE001,Wed Dec 19 2018 20:31:34,103,-51.132817100000004,-25.2933896,True,Moving,2018-12-19 20:31:34,Outside
TESTE001,Wed Dec 19 2018 20:31:40,97,-51.1313378,-25.2926886,True,Moving,2018-12-19 20:31:40,Outside
TESTE001,Wed Dec 19 2018 20:31:56,65,-51.1281198,-25.2923021,True,Moving,2018-12-19 20:31:56,Outside
TESTE001,Wed Dec 19 2018 20:33:16,60,-51.117329299999994,-25.2988008,True,Moving,2018-12-19 20:33:16,Outside
TESTE001,Wed Dec 19 2018 20:33:38,61,-51.1149835,-25.301402300000003,True,Moving,2018-12-19 20:33:38,Outside
TESTE001,Wed Dec 19 2018 20:34:02,65,-51.1112908,-25.302849300000002,True,Moving,2018-12-19 20:34:02,Outside
TESTE001,Wed Dec 19 2018 20:34:43,81,-51.1077545,-25.3095135,True,Moving,2018-12-19 20:34:43,Outside
TESTE001,Wed Dec 19 2018 20:35:57,38,-51.0924668,-25.3112503,True,Moving,2018-12-19 20:35:57,Outside
TESTE001,Wed Dec 19 2018 20:36:27,67,-51.0901473,-25.3141801,True,Moving,2018-12-19 20:36:27,Outside
TESTE001,Wed Dec 19 2018 20:36:43,85,-51.0869225,-25.313802300000003,True,Moving,2018-12-19 20:36:43,Outside
TESTE001,Wed Dec 19 2018 20:38:43,84,-51.0601046,-25.315404100000002,True,Moving,2018-12-19 20:38:43,Outside
TESTE001,Wed Dec 19 2018 20:40:02,56,-51.0425611,-25.315332100000003,True,Moving,2018-12-19 20:40:02,Outside
TESTE001,Wed Dec 19 2018 20:41:00,82,-51.0359685,-25.319591100000004,True,Moving,2018-12-19 20:41:00,Outside
TESTE001,Wed Dec 19 2018 20:42:59,73,-51.0111761,-25.3196513,True,Moving,2018-12-19 20:42:59,Outside
TESTE001,Wed Dec 19 2018 20:44:05,76,-50.996721799999996,-25.3172255,True,Moving,2018-12-19 20:44:05,Outside
TESTE001,Wed Dec 19 2018 20:45:28,75,-50.98260429999999,-25.3230626,True,Moving,2018-12-19 20:45:28,Outside
TESTE001,Wed Dec 19 2018 20:46:42,72,-50.9699745,-25.3195571,True,Moving,2018-12-19 20:46:42,Outside
TESTE001,Wed Dec 19 2018 20:47:54,85,-50.9566085,-25.3278921,True,Moving,2018-12-19 20:47:54,Outside
TESTE001,Wed Dec 19 2018 20:49:51,56,-50.9403736,-25.342227800000003,True,Moving,2018-12-19 20:49:51,Outside
TESTE001,Wed Dec 19 2018 20:51:50,62,-50.9194861,-25.3572725,True,Moving,2018-12-19 20:51:50,Outside
TESTE001,Wed Dec 19 2018 20:53:50,63,-50.9050158,-25.36851,True,Moving,2018-12-19 20:53:50,Outside
TESTE001,Wed Dec 19 2018 20:55:23,78,-50.885298999999996,-25.3749448,True,Moving,2018-12-19 20:55:23,Outside
TESTE001,Wed Dec 19 2018 20:56:26,76,-50.8709821,-25.375948,True,Moving,2018-12-19 20:56:26,Outside
TESTE001,Wed Dec 19 2018 20:58:25,77,-50.847097600000005,-25.384524300000002,True,Moving,2018-12-19 20:58:25,Outside
TESTE001,Wed Dec 19 2018 21:00:25,96,-50.825868299999996,-25.3886818,True,Moving,2018-12-19 21:00:25,Outside
TESTE001,Wed Dec 19 2018 21:02:25,62,-50.8025636,-25.394992000000002,True,Moving,2018-12-19 21:02:25,Outside
TESTE001,Wed Dec 19 2018 21:02:48,72,-50.8001765,-25.3978773,True,Moving,2018-12-19 21:02:48,Outside
TESTE001,Wed Dec 19 2018 21:03:25,50,-50.797115999999995,-25.403762300000004,True,Moving,2018-12-19 21:03:25,Outside
TESTE001,Wed Dec 19 2018 21:05:25,26,-50.7880858,-25.407360999999998,True,Moving,2018-12-19 21:05:25,Outside
TESTE001,Wed Dec 19 2018 21:05:47,38,-50.7863701,-25.4080408,True,Moving,2018-12-19 21:05:47,Outside
TESTE001,Wed Dec 19 2018 21:06:39,79,-50.7761891,-25.409142000000003,True,Moving,2018-12-19 21:06:39,Outside
TESTE001,Wed Dec 19 2018 21:08:38,94,-50.754247799999995,-25.422172600000003,True,Moving,2018-12-19 21:08:38,Outside
TESTE001,Wed Dec 19 2018 21:10:38,74,-50.7314701,-25.431155800000003,True,Moving,2018-12-19 21:10:38,Outside
TESTE001,Wed Dec 19 2018 21:11:52,41,-50.7169816,-25.4354048,True,Moving,2018-12-19 21:11:52,Outside
TESTE001,Wed Dec 19 2018 21:12:33,50,-50.71375,-25.438757100000004,True,Moving,2018-12-19 21:12:33,Outside
TESTE001,Wed Dec 19 2018 21:13:26,77,-50.70511629999999,-25.442179,True,Moving,2018-12-19 21:13:26,Outside
TESTE001,Wed Dec 19 2018 21:13:52,42,-50.70122,-25.4412118,True,Moving,2018-12-19 21:13:52,Outside
TESTE001,Wed Dec 19 2018 21:14:44,68,-50.6948926,-25.441629000000002,True,Moving,2018-12-19 21:14:44,Outside
TESTE001,Wed Dec 19 2018 21:15:00,70,-50.6917925,-25.441123,True,Moving,2018-12-19 21:15:00,Outside
TESTE001,Wed Dec 19 2018 21:17:00,78,-50.67411129999999,-25.4461491,True,Moving,2018-12-19 21:17:00,Outside
TESTE001,Wed Dec 19 2018 21:19:00,59,-50.6488901,-25.453707,True,Moving,2018-12-19 21:19:00,Outside
TESTE001,Wed Dec 19 2018 21:19:34,63,-50.643527,-25.4517093,True,Moving,2018-12-19 21:19:34,Outside
TESTE001,Wed Dec 19 2018 21:20:07,52,-50.6394605,-25.448825,True,Moving,2018-12-19 21:20:07,Outside
TESTE001,Wed Dec 19 2018 21:20:33,73,-50.635227799999996,-25.450698499999998,True,Moving,2018-12-19 21:20:33,Outside
TESTE001,Wed Dec 19 2018 21:21:27,75,-50.6262911,-25.455759,True,Moving,2018-12-19 21:21:27,Outside
TESTE001,Wed Dec 19 2018 21:22:30,53,-50.613661799999996,-25.4545456,True,Moving,2018-12-19 21:22:30,Outside
TESTE001,Wed Dec 19 2018 21:24:29,54,-50.5970076,-25.462240100000002,True,Moving,2018-12-19 21:24:29,Outside
TESTE001,Wed Dec 19 2018 21:26:29,97,-50.578247499999996,-25.464976999999998,True,Moving,2018-12-19 21:26:29,Outside
TESTE001,Wed Dec 19 2018 21:28:29,79,-50.5505016,-25.4633711,True,Moving,2018-12-19 21:28:29,Outside
TESTE001,Wed Dec 19 2018 21:30:29,96,-50.5252843,-25.466268600000003,True,Moving,2018-12-19 21:30:29,Outside
TESTE001,Wed Dec 19 2018 21:32:29,55,-50.507927,-25.467942,True,Moving,2018-12-19 21:32:29,Outside
TESTE001,Wed Dec 19 2018 21:34:29,60,-50.4909196,-25.4728575,True,Moving,2018-12-19 21:34:29,Outside
TESTE001,Wed Dec 19 2018 21:34:48,78,-50.4873475,-25.4723428,True,Moving,2018-12-19 21:34:48,Outside
TESTE001,Wed Dec 19 2018 21:35:48,71,-50.475693299999996,-25.468474800000003,True,Moving,2018-12-19 21:35:48,Outside
TESTE001,Wed Dec 19 2018 21:36:30,77,-50.467434999999995,-25.4709543,True,Moving,2018-12-19 21:36:30,Outside
TESTE001,Wed Dec 19 2018 21:36:53,75,-50.463417299999996,-25.4685801,True,Moving,2018-12-19 21:36:53,Outside
TESTE001,Wed Dec 19 2018 21:38:26,78,-50.4535721,-25.4526611,True,Moving,2018-12-19 21:38:26,Outside
TESTE001,Wed Dec 19 2018 21:38:41,78,-50.4502893,-25.452696600000003,True,Moving,2018-12-19 21:38:41,Outside
TESTE001,Wed Dec 19 2018 21:40:41,66,-50.4268973,-25.4605755,True,Moving,2018-12-19 21:40:41,Outside
TESTE001,Wed Dec 19 2018 21:42:41,31,-50.4103456,-25.467254,True,Moving,2018-12-19 21:42:41,Outside
TESTE001,Wed Dec 19 2018 21:43:58,87,-50.3963471,-25.4687405,True,Moving,2018-12-19 21:43:58,Outside
TESTE001,Wed Dec 19 2018 21:45:55,35,-50.377067100000005,-25.463902800000003,True,Moving,2018-12-19 21:45:55,Outside
TESTE001,Wed Dec 19 2018 21:47:37,48,-50.367639000000004,-25.466545,True,Moving,2018-12-19 21:47:37,Outside
TESTE001,Wed Dec 19 2018 21:49:36,73,-50.349016299999995,-25.465173,True,Moving,2018-12-19 21:49:36,Outside
TESTE001,Wed Dec 19 2018 21:50:43,73,-50.3387458,-25.456069600000003,True,Moving,2018-12-19 21:50:43,Outside
TESTE001,Wed Dec 19 2018 21:50:58,60,-50.3365031,-25.457591,True,Moving,2018-12-19 21:50:58,Outside
TESTE001,Wed Dec 19 2018 21:51:15,66,-50.334334600000005,-25.459182100000003,True,Moving,2018-12-19 21:51:15,Outside
TESTE001,Wed Dec 19 2018 21:51:31,73,-50.33167279999999,-25.4605941,True,Moving,2018-12-19 21:51:31,Outside
TESTE001,Wed Dec 19 2018 21:52:29,105,-50.3227148,-25.4703696,True,Moving,2018-12-19 21:52:29,Outside
TESTE001,Wed Dec 19 2018 21:52:47,97,-50.318862100000004,-25.473484600000003,True,Moving,2018-12-19 21:52:47,Outside
TESTE001,Wed Dec 19 2018 21:53:03,69,-50.3157521,-25.475203600000004,True,Moving,2018-12-19 21:53:03,Outside
TESTE001,Wed Dec 19 2018 21:53:40,79,-50.30929329999999,-25.473083499999998,True,Moving,2018-12-19 21:53:40,Outside
TESTE001,Wed Dec 19 2018 21:54:45,71,-50.2950588,-25.4675533,True,Moving,2018-12-19 21:54:45,Outside
TESTE001,Wed Dec 19 2018 21:56:31,55,-50.2771763,-25.4709635,True,Moving,2018-12-19 21:56:31,Outside
TESTE001,Wed Dec 19 2018 21:58:30,48,-50.2664348,-25.464927600000003,True,Moving,2018-12-19 21:58:30,Outside
CAR0012,Wed Dec 12 2018 22:06:19,0,-51.469922499999996,-25.3648861,False,Stopped,2018-12-12 22:06:19,Outside
CAR0012,Wed Dec 12 2018 22:36:21,0,-51.4699201,-25.3648996,False,Stopped,2018-12-12 22:36:21,Outside
CAR0012,Wed Dec 12 2018 23:06:25,0,-51.4698895,-25.3648771,False,Stopped,2018-12-12 23:06:25,Outside
CAR0012,Wed Dec 12 2018 23:36:28,0,-51.469873299999996,-25.3649048,False,Stopped,2018-12-12 23:36:28,Outside
CAR0012,Thu Dec 13 2018 00:06:31,0,-51.4699545,-25.3649083,False,Stopped,2018-12-13 00:06:31,Outside
CAR0012,Thu Dec 13 2018 00:36:34,0,-51.4699038,-25.3648861,False,Stopped,2018-12-13 00:36:34,Outside
CAR0012,Thu Dec 13 2018 01:06:37,0,-51.4699203,-25.3648535,False,Stopped,2018-12-13 01:06:37,Outside
CAR0012,Thu Dec 13 2018 01:36:40,0,-51.469928100000004,-25.3648973,False,Stopped,2018-12-13 01:36:40,Outside
CAR0012,Thu Dec 13 2018 02:06:44,0,-51.469910999999996,-25.3648775,False,Stopped,2018-12-13 02:06:44,Outside
CAR0012,Thu Dec 13 2018 02:36:47,0,-51.469941999999996,-25.3649093,False,Stopped,2018-12-13 02:36:47,Outside
CAR0012,Thu Dec 13 2018 03:06:50,0,-51.4699666,-25.364915600000003,False,Stopped,2018-12-13 03:06:50,Outside
CAR0012,Thu Dec 13 2018 03:36:53,0,-51.4699606,-25.364897600000003,False,Stopped,2018-12-13 03:36:53,Outside
CAR0012,Thu Dec 13 2018 04:06:56,0,-51.4699236,-25.3649788,False,Stopped,2018-12-13 04:06:56,Outside
CAR0012,Thu Dec 13 2018 04:36:59,0,-51.469959100000004,-25.3648965,False,Stopped,2018-12-13 04:36:59,Outside
CAR0012,Thu Dec 13 2018 05:07:01,0,-51.4699126,-25.3648581,False,Stopped,2018-12-13 05:07:01,Outside
CAR0012,Thu Dec 13 2018 05:37:04,0,-51.469910799999994,-25.3649603,False,Stopped,2018-12-13 05:37:04,Outside
CAR0012,Thu Dec 13 2018 06:07:07,0,-51.469879999999996,-25.36492,False,Stopped,2018-12-13 06:07:07,Outside
CAR0012,Thu Dec 13 2018 06:37:10,0,-51.4699468,-25.3649313,False,Stopped,2018-12-13 06:37:10,Outside
CAR0012,Thu Dec 13 2018 07:07:13,0,-51.4699435,-25.3649275,False,Stopped,2018-12-13 07:07:13,Outside
CAR0012,Thu Dec 13 2018 07:37:16,0,-51.4699078,-25.3648921,False,Stopped,2018-12-13 07:37:16,Outside
CAR0012,Thu Dec 13 2018 08:07:19,0,-51.469928,-25.3649106,False,Stopped,2018-12-13 08:07:19,Outside
CAR0012,Thu Dec 13 2018 08:37:21,0,-51.469958,-25.364918600000003,False,Stopped,2018-12-13 08:37:21,Outside
CAR0012,Thu Dec 13 2018 09:07:24,0,-51.469925599999996,-25.364874,False,Stopped,2018-12-13 09:07:24,Outside
CAR0012,Thu Dec 13 2018 09:37:27,0,-51.469967499999996,-25.364860600000004,False,Stopped,2018-12-13 09:37:27,Outside
CAR0012,Thu Dec 13 2018 10:07:30,0,-51.4699991,-25.364945000000002,False,Stopped,2018-12-13 10:07:30,Outside
CAR0012,Thu Dec 13 2018 10:37:33,0,-51.469953100000005,-25.364900600000002,False,Stopped,2018-12-13 10:37:33,Outside
CAR0012,Thu Dec 13 2018 11:07:36,0,-51.4699123,-25.3648865,False,Stopped,2018-12-13 11:07:36,Outside
CAR0012,Thu Dec 13 2018 11:37:39,0,-51.469913500000004,-25.3648901,False,Stopped,2018-12-13 11:37:39,Outside
CAR0012,Thu Dec 13 2018 12:07:43,0,-51.4699678,-25.3649675,False,Stopped,2018-12-13 12:07:43,Outside
CAR0012,Thu Dec 13 2018 12:37:46,0,-51.4699683,-25.364933999999998,False,Stopped,2018-12-13 12:37:46,Outside
CAR0012,Thu Dec 13 2018 13:07:49,0,-51.4699355,-25.364874,False,Stopped,2018-12-13 13:07:49,Outside
CAR0012,Thu Dec 13 2018 13:37:52,0,-51.4699716,-25.3649676,False,Stopped,2018-12-13 13:37:52,Outside
CAR0012,Thu Dec 13 2018 14:07:55,0,-51.469924299999995,-25.3648706,False,Stopped,2018-12-13 14:07:55,Outside
CAR0012,Thu Dec 13 2018 14:37:58,0,-51.4700285,-25.3648628,False,Stopped,2018-12-13 14:37:58,Outside
CAR0012,Thu Dec 13 2018 15:08:02,0,-51.469924,-25.3649066,False,Stopped,2018-12-13 15:08:02,Outside
CAR0012,Thu Dec 13 2018 15:38:05,0,-51.469949799999995,-25.364932999999997,False,Stopped,2018-12-13 15:38:05,Outside
CAR0012,Thu Dec 13 2018 16:08:08,0,-51.469925599999996,-25.3649296,False,Stopped,2018-12-13 16:08:08,Outside
CAR0012,Thu Dec 13 2018 16:38:11,0,-51.4699331,-25.3649261,False,Stopped,2018-12-13 16:38:11,Outside
CAR0012,Thu Dec 13 2018 17:08:14,0,-51.469937,-25.3649083,False,Stopped,2018-12-13 17:08:14,Outside
CAR0012,Thu Dec 13 2018 17:38:17,0,-51.46998129999999,-25.3648966,False,Stopped,2018-12-13 17:38:17,Outside
CAR0012,Thu Dec 13 2018 18:08:20,0,-51.469871600000005,-25.3649361,False,Stopped,2018-12-13 18:08:20,Outside
CAR0012,Thu Dec 13 2018 18:38:23,0,-51.469957799999996,-25.364873100000004,False,Stopped,2018-12-13 18:38:23,Outside
CAR0012,Thu Dec 13 2018 19:08:26,0,-51.4699211,-25.3648646,False,Stopped,2018-12-13 19:08:26,Outside
CAR0012,Thu Dec 13 2018 19:38:29,0,-51.4699006,-25.3648618,False,Stopped,2018-12-13 19:38:29,Outside
CAR0012,Thu Dec 13 2018 20:08:32,0,-51.4699216,-25.364884600000003,False,Stopped,2018-12-13 20:08:32,Outside
CAR0012,Thu Dec 13 2018 20:38:35,0,-51.4699343,-25.364945000000002,False,Stopped,2018-12-13 20:38:35,Outside
CAR0012,Thu Dec 13 2018 21:08:38,0,-51.4699181,-25.364893300000002,False,Stopped,2018-12-13 21:08:38,Outside
CAR0012,Thu Dec 13 2018 21:38:41,0,-51.469930299999994,-25.364880600000003,False,Stopped,2018-12-13 21:38:41,Outside
CAR0012,Thu Dec 13 2018 22:08:44,0,-51.469932299999996,-25.364883600000002,False,Stopped,2018-12-13 22:08:44,Outside
CAR0012,Thu Dec 13 2018 22:38:47,0,-51.4699251,-25.364886300000002,False,Stopped,2018-12-13 22:38:47,Outside
CAR0012,Thu Dec 13 2018 23:08:50,0,-51.4699088,-25.3648528,False,Stopped,2018-12-13 23:08:50,Outside
CAR0012,Thu Dec 13 2018 23:38:53,0,-51.4699313,-25.3649138,False,Stopped,2018-12-13 23:38:53,Outside
CAR0012,Fri Dec 14 2018 00:08:56,0,-51.469933000000005,-25.3648993,False,Stopped,2018-12-14 00:08:56,Outside
CAR0012,Fri Dec 14 2018 00:38:58,0,-51.46986879999999,-25.364864100000002,False,Stopped,2018-12-14 00:38:58,Outside
CAR0012,Fri Dec 14 2018 01:09:00,0,-51.4699373,-25.364934299999998,False,Stopped,2018-12-14 01:09:00,Outside
CAR0012,Fri Dec 14 2018 01:39:03,0,-51.4698966,-25.3648891,False,Stopped,2018-12-14 01:39:03,Outside
CAR0012,Fri Dec 14 2018 02:09:07,0,-51.469928499999995,-25.364932500000002,False,Stopped,2018-12-14 02:09:07,Outside
CAR0012,Fri Dec 14 2018 02:39:10,0,-51.4699075,-25.3649,False,Stopped,2018-12-14 02:39:10,Outside
CAR0012,Fri Dec 14 2018 03:09:13,0,-51.4699276,-25.364921300000002,False,Stopped,2018-12-14 03:09:13,Outside
CAR0012,Fri Dec 14 2018 03:39:16,0,-51.4699506,-25.3649025,False,Stopped,2018-12-14 03:39:16,Outside
CAR0012,Fri Dec 14 2018 04:09:18,0,-51.4699058,-25.3649203,False,Stopped,2018-12-14 04:09:18,Outside
CAR0012,Fri Dec 14 2018 04:39:22,0,-51.469899600000005,-25.364862600000002,False,Stopped,2018-12-14 04:39:22,Outside
CAR0012,Fri Dec 14 2018 05:09:25,0,-51.469876,-25.364880300000003,False,Stopped,2018-12-14 05:09:25,Outside
CAR0012,Fri Dec 14 2018 05:39:28,0,-51.4699198,-25.3649125,False,Stopped,2018-12-14 05:39:28,Outside
CAR0012,Fri Dec 14 2018 06:09:32,0,-51.4699398,-25.364918,False,Stopped,2018-12-14 06:09:32,Outside
CAR0012,Fri Dec 14 2018 06:39:35,0,-51.469995000000004,-25.3648658,False,Stopped,2018-12-14 06:39:35,Outside
CAR0012,Fri Dec 14 2018 07:09:38,0,-51.46994779999999,-25.3648808,False,Stopped,2018-12-14 07:09:38,Outside
CAR0012,Fri Dec 14 2018 07:39:41,0,-51.469888,-25.3648953,False,Stopped,2018-12-14 07:39:41,Outside
CAR0012,Fri Dec 14 2018 08:09:43,0,-51.469953100000005,-25.3649106,False,Stopped,2018-12-14 08:09:43,Outside
CAR0012,Fri Dec 14 2018 08:39:46,0,-51.46991,-25.364888600000004,False,Stopped,2018-12-14 08:39:46,Outside
CAR0012,Fri Dec 14 2018 09:09:49,0,-51.4699768,-25.3648583,False,Stopped,2018-12-14 09:09:49,Outside
CAR0012,Fri Dec 14 2018 09:39:52,0,-51.4699736,-25.3648736,False,Stopped,2018-12-14 09:39:52,Outside
CAR0012,Fri Dec 14 2018 10:09:55,0,-51.4698985,-25.3648908,False,Stopped,2018-12-14 10:09:55,Outside
CAR0012,Fri Dec 14 2018 10:39:58,0,-51.4699571,-25.364911499999998,False,Stopped,2018-12-14 10:39:58,Outside
CAR0012,Fri Dec 14 2018 11:10:01,0,-51.4698888,-25.3648943,False,Stopped,2018-12-14 11:10:01,Outside
CAR0012,Fri Dec 14 2018 11:40:04,0,-51.4699575,-25.3648446,False,Stopped,2018-12-14 11:40:04,Outside
CAR0012,Fri Dec 14 2018 12:10:07,0,-51.46994,-25.364902800000003,False,Stopped,2018-12-14 12:10:07,Outside
CAR0012,Fri Dec 14 2018 12:40:10,0,-51.470017600000006,-25.364928,False,Stopped,2018-12-14 12:40:10,Outside
CAR0012,Fri Dec 14 2018 13:10:13,0,-51.469938799999994,-25.3648618,False,Stopped,2018-12-14 13:10:13,Outside
CAR0012,Fri Dec 14 2018 13:40:16,0,-51.4700676,-25.3648881,False,Stopped,2018-12-14 13:40:16,Outside
CAR0012,Fri Dec 14 2018 14:10:19,0,-51.46992410000001,-25.364867999999998,False,Stopped,2018-12-14 14:10:19,Outside
CAR0012,Fri Dec 14 2018 14:40:22,0,-51.4699741,-25.3649655,False,Stopped,2018-12-14 14:40:22,Outside
CAR0012,Fri Dec 14 2018 14:43:07,0,-51.469969,-25.364895100000002,True,Stopped,2018-12-14 14:43:07,Outside
CAR0012,Fri Dec 14 2018 14:45:06,0,-51.4699006,-25.3649545,True,Stopped,2018-12-14 14:45:06,Outside
CAR0012,Fri Dec 14 2018 14:47:06,0,-51.469916999999995,-25.364975,True,Stopped,2018-12-14 14:47:06,Outside
CAR0012,Fri Dec 14 2018 14:49:06,0,-51.469933600000005,-25.3649688,True,Stopped,2018-12-14 14:49:06,Outside
CAR0012,Fri Dec 14 2018 14:51:06,0,-51.46994229999999,-25.3649633,True,Stopped,2018-12-14 14:51:06,Outside
CAR0012,Fri Dec 14 2018 14:53:06,0,-51.4699488,-25.3649808,True,Stopped,2018-12-14 14:53:06,Outside
CAR0012,Fri Dec 14 2018 14:55:06,0,-51.46995379999999,-25.3649505,True,Stopped,2018-12-14 14:55:06,Outside
CAR0012,Fri Dec 14 2018 14:57:06,0,-51.4699533,-25.3649326,True,Stopped,2018-12-14 14:57:06,Outside
CAR0012,Fri Dec 14 2018 14:59:06,0,-51.4699513,-25.3649436,True,Stopped,2018-12-14 14:59:06,Outside
CAR0012,Fri Dec 14 2018 15:01:06,0,-51.4699645,-25.364965100000003,True,Stopped,2018-12-14 15:01:06,Outside
CAR0012,Fri Dec 14 2018 15:03:06,0,-51.469934,-25.364955600000002,True,Stopped,2018-12-14 15:03:06,Outside
CAR0012,Fri Dec 14 2018 15:05:06,0,-51.469926,-25.3649646,True,Stopped,2018-12-14 15:05:06,Outside
CAR0012,Fri Dec 14 2018 15:07:06,0,-51.4699153,-25.3649593,True,Stopped,2018-12-14 15:07:06,Outside
CAR0012,Fri Dec 14 2018 15:08:25,0,-51.4699311,-25.364960600000003,False,Stopped,2018-12-14 15:08:25,Outside
CAR0012,Fri Dec 14 2018 15:08:25,0,-51.4699311,-25.364960600000003,False,Stopped,2018-12-14 15:08:25,Outside
CAR0012,Fri Dec 14 2018 15:40:28,0,-51.4699666,-25.3649753,False,Stopped,2018-12-14 15:40:28,Outside
CAR0012,Fri Dec 14 2018 16:10:30,0,-51.4699085,-25.3649238,False,Stopped,2018-12-14 16:10:30,Outside
CAR0012,Fri Dec 14 2018 16:40:33,0,-51.4699563,-25.364919,False,Stopped,2018-12-14 16:40:33,Outside
CAR0012,Fri Dec 14 2018 17:10:36,0,-51.4699208,-25.3649073,False,Stopped,2018-12-14 17:10:36,Outside
CAR0012,Fri Dec 14 2018 17:40:39,0,-51.4699141,-25.364906,False,Stopped,2018-12-14 17:40:39,Outside
CAR0012,Fri Dec 14 2018 18:10:42,0,-51.4699125,-25.364866,False,Stopped,2018-12-14 18:10:42,Outside
CAR0012,Fri Dec 14 2018 18:40:45,0,-51.4699175,-25.364884600000003,False,Stopped,2018-12-14 18:40:45,Outside
CAR0012,Fri Dec 14 2018 19:10:48,0,-51.469964000000004,-25.3648981,False,Stopped,2018-12-14 19:10:48,Outside
CAR0012,Fri Dec 14 2018 19:40:52,0,-51.469938299999995,-25.3648968,False,Stopped,2018-12-14 19:40:52,Outside
CAR0012,Fri Dec 14 2018 20:10:55,0,-51.4699185,-25.364897,False,Stopped,2018-12-14 20:10:55,Outside
CAR0012,Fri Dec 14 2018 20:40:58,0,-51.4699011,-25.3649108,False,Stopped,2018-12-14 20:40:58,Outside
CAR0012,Fri Dec 14 2018 21:11:01,0,-51.4699095,-25.3648665,False,Stopped,2018-12-14 21:11:01,Outside
CAR0012,Fri Dec 14 2018 21:41:03,0,-51.469908600000004,-25.364885,False,Stopped,2018-12-14 21:41:03,Outside
CAR0012,Fri Dec 14 2018 22:11:05,0,-51.4699373,-25.3648901,False,Stopped,2018-12-14 22:11:05,Outside
CAR0012,Fri Dec 14 2018 22:41:08,0,-51.4699368,-25.364944,False,Stopped,2018-12-14 22:41:08,Outside
CAR0012,Fri Dec 14 2018 23:11:11,0,-51.4699131,-25.364898,False,Stopped,2018-12-14 23:11:11,Outside
CAR0012,Fri Dec 14 2018 23:41:14,0,-51.4699123,-25.364932999999997,False,Stopped,2018-12-14 23:41:14,Outside
CAR0012,Sat Dec 15 2018 00:11:17,0,-51.469927500000004,-25.364894500000002,False,Stopped,2018-12-15 00:11:17,Outside
CAR0012,Sat Dec 15 2018 00:41:19,0,-51.469922100000005,-25.364915300000003,False,Stopped,2018-12-15 00:41:19,Outside
CAR0012,Sat Dec 15 2018 01:11:21,0,-51.4699078,-25.364899800000003,False,Stopped,2018-12-15 01:11:21,Outside
CAR0012,Sat Dec 15 2018 01:41:25,0,-51.469882299999995,-25.3649035,False,Stopped,2018-12-15 01:41:25,Outside
CAR0012,Sat Dec 15 2018 02:11:28,0,-51.469921,-25.3649348,False,Stopped,2018-12-15 02:11:28,Outside
CAR0012,Sat Dec 15 2018 02:41:31,0,-51.469862299999996,-25.3649355,False,Stopped,2018-12-15 02:41:31,Outside
CAR0012,Sat Dec 15 2018 03:11:34,0,-51.469947600000005,-25.3648905,False,Stopped,2018-12-15 03:11:34,Outside
CAR0012,Sat Dec 15 2018 03:41:37,0,-51.4699245,-25.3649128,False,Stopped,2018-12-15 03:41:37,Outside
CAR0012,Sat Dec 15 2018 04:11:40,0,-51.4699488,-25.3649083,False,Stopped,2018-12-15 04:11:40,Outside
CAR0012,Sat Dec 15 2018 04:41:43,0,-51.4699216,-25.3648816,False,Stopped,2018-12-15 04:41:43,Outside
CAR0012,Sat Dec 15 2018 05:11:46,0,-51.4699156,-25.3648985,False,Stopped,2018-12-15 05:11:46,Outside
CAR0012,Sat Dec 15 2018 05:41:49,0,-51.469908600000004,-25.3649075,False,Stopped,2018-12-15 05:41:49,Outside
CAR0012,Sat Dec 15 2018 06:11:52,0,-51.4699068,-25.364921799999998,False,Stopped,2018-12-15 06:11:52,Outside
CAR0012,Sat Dec 15 2018 06:41:55,0,-51.469913299999995,-25.364954100000002,False,Stopped,2018-12-15 06:41:55,Outside
CAR0012,Sat Dec 15 2018 07:11:58,0,-51.4699466,-25.364848600000002,False,Stopped,2018-12-15 07:11:58,Outside
CAR0012,Sat Dec 15 2018 07:42:01,0,-51.4699045,-25.3648893,False,Stopped,2018-12-15 07:42:01,Outside
CAR0012,Sat Dec 15 2018 08:12:03,0,-51.4699436,-25.364890300000003,False,Stopped,2018-12-15 08:12:03,Outside
CAR0012,Sat Dec 15 2018 08:42:06,0,-51.469926799999996,-25.364951,False,Stopped,2018-12-15 08:42:06,Outside
CAR0012,Sat Dec 15 2018 09:12:09,0,-51.46997879999999,-25.364838600000002,False,Stopped,2018-12-15 09:12:09,Outside
CAR0012,Sat Dec 15 2018 09:42:12,0,-51.469924,-25.3648811,False,Stopped,2018-12-15 09:42:12,Outside
CAR0012,Sat Dec 15 2018 10:12:15,0,-51.469916999999995,-25.364916100000002,False,Stopped,2018-12-15 10:12:15,Outside
CAR0012,Sat Dec 15 2018 10:42:18,0,-51.4699683,-25.364903100000003,False,Stopped,2018-12-15 10:42:18,Outside
CAR0012,Sat Dec 15 2018 11:12:21,0,-51.469905600000004,-25.3649048,False,Stopped,2018-12-15 11:12:21,Outside
CAR0012,Sat Dec 15 2018 11:42:24,0,-51.4699781,-25.3648631,False,Stopped,2018-12-15 11:42:24,Outside
CAR0012,Sat Dec 15 2018 12:12:27,0,-51.4699318,-25.3648923,False,Stopped,2018-12-15 12:12:27,Outside
CAR0012,Sat Dec 15 2018 12:42:31,0,-51.4698981,-25.364901500000002,False,Stopped,2018-12-15 12:42:31,Outside
CAR0012,Sat Dec 15 2018 13:12:34,0,-51.4699003,-25.364821,False,Stopped,2018-12-15 13:12:34,Outside
CAR0012,Sat Dec 15 2018 13:42:37,0,-51.4699771,-25.3649036,False,Stopped,2018-12-15 13:42:37,Outside
CAR0012,Sat Dec 15 2018 14:12:40,0,-51.469946500000006,-25.364872000000002,False,Stopped,2018-12-15 14:12:40,Outside
CAR0012,Sat Dec 15 2018 14:42:43,0,-51.469986999999996,-25.364894600000003,False,Stopped,2018-12-15 14:42:43,Outside
CAR0012,Sat Dec 15 2018 15:12:46,0,-51.4699375,-25.364938600000002,False,Stopped,2018-12-15 15:12:46,Outside
CAR0012,Sat Dec 15 2018 15:42:49,0,-51.4699568,-25.364813,False,Stopped,2018-12-15 15:42:49,Outside
CAR0012,Sat Dec 15 2018 16:12:52,0,-51.46989129999999,-25.364894800000002,False,Stopped,2018-12-15 16:12:52,Outside
CAR0012,Sat Dec 15 2018 16:42:55,0,-51.469922,-25.364890300000003,False,Stopped,2018-12-15 16:42:55,Outside
CAR0012,Sat Dec 15 2018 17:12:58,0,-51.469936100000005,-25.3648885,False,Stopped,2018-12-15 17:12:58,Outside
CAR0012,Sat Dec 15 2018 17:43:01,0,-51.4699158,-25.3649293,False,Stopped,2018-12-15 17:43:01,Outside
CAR0012,Sat Dec 15 2018 18:13:04,0,-51.4699205,-25.364879000000002,False,Stopped,2018-12-15 18:13:04,Outside
CAR0012,Sat Dec 15 2018 18:43:06,0,-51.4699346,-25.3648801,False,Stopped,2018-12-15 18:43:06,Outside
CAR0012,Sat Dec 15 2018 19:13:09,0,-51.469879999999996,-25.364877,False,Stopped,2018-12-15 19:13:09,Outside
CAR0012,Sat Dec 15 2018 19:43:12,0,-51.4699506,-25.3649065,False,Stopped,2018-12-15 19:43:12,Outside
CAR0012,Sat Dec 15 2018 20:13:15,0,-51.4699076,-25.3648578,False,Stopped,2018-12-15 20:13:15,Outside
CAR0012,Sat Dec 15 2018 20:43:18,0,-51.4699598,-25.364932,False,Stopped,2018-12-15 20:43:18,Outside
CAR0012,Sat Dec 15 2018 21:13:21,0,-51.4699346,-25.364915600000003,False,Stopped,2018-12-15 21:13:21,Outside
CAR0012,Sat Dec 15 2018 21:43:24,0,-51.469906099999996,-25.364880600000003,False,Stopped,2018-12-15 21:43:24,Outside
CAR0012,Sat Dec 15 2018 22:13:28,0,-51.469916600000005,-25.3649096,False,Stopped,2018-12-15 22:13:28,Outside
CAR0012,Sat Dec 15 2018 22:43:31,0,-51.4699185,-25.3648978,False,Stopped,2018-12-15 22:43:31,Outside
CAR0012,Sat Dec 15 2018 23:13:34,0,-51.4699151,-25.3649193,False,Stopped,2018-12-15 23:13:34,Outside
CAR0012,Sat Dec 15 2018 23:43:37,0,-51.4698755,-25.3648601,False,Stopped,2018-12-15 23:43:37,Outside
CAR0012,Sun Dec 16 2018 00:13:40,0,-51.4699206,-25.364887300000003,False,Stopped,2018-12-16 00:13:40,Outside
CAR0012,Sun Dec 16 2018 00:43:43,0,-51.469905,-25.364909100000002,False,Stopped,2018-12-16 00:43:43,Outside
CAR0012,Sun Dec 16 2018 01:13:46,0,-51.4699118,-25.364876000000002,False,Stopped,2018-12-16 01:13:46,Outside
CAR0012,Sun Dec 16 2018 01:43:49,0,-51.4698788,-25.3648756,False,Stopped,2018-12-16 01:43:49,Outside
CAR0012,Sun Dec 16 2018 02:13:52,0,-51.4698986,-25.364899800000003,False,Stopped,2018-12-16 02:13:52,Outside
CAR0012,Sun Dec 16 2018 02:43:55,0,-51.4699766,-25.3648603,False,Stopped,2018-12-16 02:43:55,Outside
CAR0012,Sun Dec 16 2018 03:13:58,0,-51.4699233,-25.3649248,False,Stopped,2018-12-16 03:13:58,Outside
CAR0012,Sun Dec 16 2018 03:44:00,0,-51.4699571,-25.364938600000002,False,Stopped,2018-12-16 03:44:00,Outside
CAR0012,Sun Dec 16 2018 04:14:02,0,-51.4699351,-25.3649,False,Stopped,2018-12-16 04:14:02,Outside
CAR0012,Sun Dec 16 2018 04:44:05,0,-51.4699146,-25.3648815,False,Stopped,2018-12-16 04:44:05,Outside
CAR0012,Sun Dec 16 2018 05:14:08,0,-51.4699348,-25.364938100000003,False,Stopped,2018-12-16 05:14:08,Outside
CAR0012,Sun Dec 16 2018 05:44:11,0,-51.46989310000001,-25.364883300000002,False,Stopped,2018-12-16 05:44:11,Outside
CAR0012,Sun Dec 16 2018 06:14:14,0,-51.4699223,-25.364929500000002,False,Stopped,2018-12-16 06:14:14,Outside
CAR0012,Sun Dec 16 2018 06:44:17,0,-51.4699381,-25.364948100000003,False,Stopped,2018-12-16 06:44:17,Outside
CAR0012,Sun Dec 16 2018 07:14:20,0,-51.469931,-25.3649108,False,Stopped,2018-12-16 07:14:20,Outside
CAR0012,Sun Dec 16 2018 07:44:23,0,-51.46992879999999,-25.3648698,False,Stopped,2018-12-16 07:44:23,Outside
CAR0012,Sun Dec 16 2018 08:14:26,0,-51.4699386,-25.364890600000003,False,Stopped,2018-12-16 08:14:26,Outside
CAR0012,Sun Dec 16 2018 08:44:29,0,-51.4699436,-25.3649165,False,Stopped,2018-12-16 08:44:29,Outside
CAR0012,Sun Dec 16 2018 09:14:32,0,-51.4699326,-25.364883,False,Stopped,2018-12-16 09:14:32,Outside
CAR0012,Sun Dec 16 2018 09:44:35,0,-51.469932,-25.3648881,False,Stopped,2018-12-16 09:44:35,Outside
CAR0012,Sun Dec 16 2018 10:14:38,0,-51.4699075,-25.3649695,False,Stopped,2018-12-16 10:14:38,Outside
CAR0012,Sun Dec 16 2018 10:44:40,0,-51.469908000000004,-25.364921300000002,False,Stopped,2018-12-16 10:44:40,Outside
CAR0012,Sun Dec 16 2018 11:14:43,0,-51.469959499999995,-25.364891,False,Stopped,2018-12-16 11:14:43,Outside
CAR0012,Sun Dec 16 2018 11:44:47,0,-51.4699606,-25.3648895,False,Stopped,2018-12-16 11:44:47,Outside
CAR0012,Sun Dec 16 2018 12:14:50,0,-51.469899,-25.3649125,False,Stopped,2018-12-16 12:14:50,Outside
CAR0012,Sun Dec 16 2018 12:44:53,0,-51.469894000000004,-25.3649056,False,Stopped,2018-12-16 12:44:53,Outside
CAR0012,Sun Dec 16 2018 13:14:56,0,-51.4699513,-25.3648403,False,Stopped,2018-12-16 13:14:56,Outside
CAR0012,Sun Dec 16 2018 13:44:59,0,-51.4700025,-25.3649438,False,Stopped,2018-12-16 13:44:59,Outside
CAR0012,Sun Dec 16 2018 14:15:02,0,-51.4699766,-25.364905800000003,False,Stopped,2018-12-16 14:15:02,Outside
CAR0012,Sun Dec 16 2018 14:45:04,0,-51.469964000000004,-25.364955300000002,False,Stopped,2018-12-16 14:45:04,Outside
CAR0012,Sun Dec 16 2018 15:15:07,0,-51.469947499999996,-25.3649568,False,Stopped,2018-12-16 15:15:07,Outside
CAR0012,Sun Dec 16 2018 15:45:10,0,-51.4699291,-25.364860600000004,False,Stopped,2018-12-16 15:45:10,Outside
CAR0012,Sun Dec 16 2018 16:15:13,0,-51.469885999999995,-25.3648891,False,Stopped,2018-12-16 16:15:13,Outside
CAR0012,Sun Dec 16 2018 16:45:16,0,-51.4699146,-25.3648788,False,Stopped,2018-12-16 16:45:16,Outside
CAR0012,Sun Dec 16 2018 17:15:19,0,-51.469933600000005,-25.3649128,False,Stopped,2018-12-16 17:15:19,Outside
CAR0012,Sun Dec 16 2018 17:45:22,0,-51.469926,-25.3648955,False,Stopped,2018-12-16 17:45:22,Outside
CAR0012,Sun Dec 16 2018 18:15:25,0,-51.469895,-25.3648921,False,Stopped,2018-12-16 18:15:25,Outside
CAR0012,Sun Dec 16 2018 18:45:28,0,-51.469889,-25.364869100000003,False,Stopped,2018-12-16 18:45:28,Outside
CAR0012,Sun Dec 16 2018 19:15:31,0,-51.46988579999999,-25.3648745,False,Stopped,2018-12-16 19:15:31,Outside
CAR0012,Sun Dec 16 2018 19:45:34,0,-51.469879299999995,-25.3648978,False,Stopped,2018-12-16 19:45:34,Outside
CAR0012,Sun Dec 16 2018 20:15:37,0,-51.4698841,-25.364916100000002,False,Stopped,2018-12-16 20:15:37,Outside
CAR0012,Sun Dec 16 2018 20:45:40,0,-51.4699263,-25.364926800000003,False,Stopped,2018-12-16 20:45:40,Outside
CAR0012,Sun Dec 16 2018 21:15:43,0,-51.46990529999999,-25.364894500000002,False,Stopped,2018-12-16 21:15:43,Outside
CAR0012,Sun Dec 16 2018 21:45:47,0,-51.469924,-25.3649281,False,Stopped,2018-12-16 21:45:47,Outside
